-11.166474299894,-21.186474266962,-31.206474055114,-41.226473843265,-51.246474156725,-61.266473065516,-71.28647408708,-71.286516363609,-81.306516730398,-91.326518460069,-101.34651596419,-101.34648665687,-111.36648702365,-111.36649314248,-111.36648702365,-71.286516363609
-3.521755459481,-13.541755395906,-23.56175545432,-33.581754636793,-43.601755270783,-53.621755382728,-63.641757182448,-73.661753618806,-73.661765451973,-83.681768565355,-93.701766659023
28.94978808604,38.949787549626,48.949786798095,58.949788618502,68.949787733015,78.949786651828,88.949786092505,98.94979068404
-2.8583038829503,7.1416941752578,17.141697055965,27.141695114173,37.14169676896,47.141694827168,57.141693905088,67.14169474637,77.141694470498,87.141690147941
-22.321217550294,-22.321217550294,-32.32122247499,-42.321227313981,-52.321231467344,-62.321235378546,-72.321242516586,-82.321246427788,-92.321250300543,-102.32125421175,-112.32125997853
29.14949,39.149487,49.149487,59.149483,69.14948,79.149475,89.14948,99.149475,109.149475,119.14947,129.14948,139.14946,149.14946
18.78540739238,28.785403622216,38.785399661159,48.785398735785,58.785390872391,68.785389080366,78.785388918568,88.785381921826,98.785379366225,108.78537898776,118.7853724296
65.452525157146,75.452527633452,85.452527260917,95.452528093713,105.45252950659,115.45253290442,125.4525343173,135.45253771513,145.45253941182,155.45254054089,165.45253597227,175.45254220648
-19.399462,-29.399462,-39.399456,-49.399452,-59.399452,-69.39945,-79.399445,-89.39944,-99.39944,-109.39944,-119.39943
15.415517781675,25.415513333133,35.415507077312,45.415503646064,55.415500214815,65.41549166019,75.415488913662,85.41548454337,95.415481892213,105.41547203173
16.475398179231,16.475396703428,26.475396884428,46.475398004058,56.475398322291,66.475398640525,76.475398547057,86.475399276992,96.475399457992,96.475399457992
-30.638145493494,-20.638146501003,-10.638147759077,-0.6381466632844,9.3618509017083,19.36185176884,29.361851030286,39.361852672994,49.361850119825
1.3409523750772,11.340954160481,21.340959697462,31.340963984802,41.340965055045,51.340966840448,61.34097378593,71.340975415128,81.340977200532
48.047832,58.047832,68.04784,78.04784,88.04784,98.04783,108.04784,118.04784,128.04784,138.04784,148.04784
15.801149008856,25.801143669975,35.801138728351,45.801133786727,55.80112856306,65.8011205679,75.801117757182,85.801110684651,95.801108002051,105.80109946861,115.80109760633
6.9733710643419,-3.0266242131337,-13.026619674134,-23.026616046219,-33.026611779236,-43.026606920703,-53.02660206217,-63.026597178057,-73.026594167273,-83.026586821924,-93.026580754709
-6.5609698930853,3.4390301625681,13.439030675211,23.439030439964,33.439030952607,43.439028120702,53.439031957253,63.439028990218,73.4390329619,83.439028831264,93.439027027829
48.751379642196,38.751379230266,28.751376975182,18.751377128238,8.7513771552681,-1.2486229437285,-11.248624609865,-21.248624330782,-31.248624392117,-41.248624518927,-51.248624482049
27.961044276782,37.961043067076,47.961042131937,57.96103798146,67.961034105551,77.961036111181,87.961031686138,97.961027261094,107.96102906007,117.96102463503
6.0393357542112,-3.9606640039626,-13.960665951268,-23.960664604042,-33.960665456781,-43.960664102263,-53.960662744203,-63.9606658042,-73.960668594098,-83.960660473902,-93.960661189821
-19.819320957351,-9.8193155221683,0.18069003796043,10.180695491334,20.180700569688,30.180705986679,40.180711511344,50.180717535794,60.180722345326,70.180729084908,80.180734394225
-28.333319451294,-18.333320052109,-8.3333188409081,1.666645202522,11.666646413723,21.666644928974,31.666645583287,41.6666443831,51.666645572886,-28.739950434395,-28.739950434395,-28.739950434395
8.4675551871654,18.467555156092,28.467555403915,38.467554725215,48.467554973038,58.467555031068,68.467556205414,78.467552463186,88.467553542636,98.467552863935,108.46755403828
29.241527924667,21.24152586661,13.241524135536,5.241521760983,-2.7584806345439,-10.758482365618,-18.758484096693,-26.758488514551,-34.758487558842,-42.7584919767
37.136377132071,27.136379370746,17.136379689972,7.1363794766625,-2.8636182846623,-12.863618497972,-22.863618711281,-32.863620925139,-42.863617911907
51.550536824502,61.55053773131,71.550537636219,81.550535616464,91.550537810204,101.55054000394,111.55053394131,121.5505330264,131.55053750897,141.55069909197,151.55070316463
35.578578006193,45.578575850462,55.578566765819,65.578564002625,75.578560783835,85.578558598263,95.578549391595,105.57829651968,115.57829752606,125.57829999142,135.57830221273
7.8607368635745,17.860736603625,27.860732021437,37.8607297716,47.860727671195,57.860728592731,67.860725148429,77.860726069964,87.860721307724,97.860716905589
-48.323998511817,-40.343998349942,-32.363997900311,-24.383997583253,-16.403997864314,-8.4239977024386,-0.4439975405629,7.5360026213128,15.516004378172
7.4986413137327,17.498641432891,27.498643557576,37.498646160736,47.498646279894,57.498646399052,67.498650800796,77.498651724165,87.498650767581,97.498656811689,107.4986559739
41.915453466482,31.915451831455,21.915451539941,11.915451456231,1.9154501997735,-8.0845503664072,-18.084548142282,-28.084552638087
6.5547120208394,16.554711327041,26.554711504676,36.554710927826,46.554710538554,56.554711843334,66.554711454063,76.554713463026,86.55471067552,96.554713107996,106.55471032049
3.6637480170055,13.663744367978,23.663740794565,33.66373684637,43.663733197342,53.663732056089,63.663729314444,73.663723762563,83.663719811075,93.663721480057
18.862274501847,8.8622805318625,-1.1377167156961,-11.13771307514,-21.137710322698,-31.137704318258,-41.137701984299,-51.137696688239,-61.137695062659,-71.137687990367
-9.1396774506658,-19.159677582362,-29.179677771177,-39.199677277956,-49.219677016682,-59.239676291513,-69.259677162365,-79.279677804738,-89.299679139485,-99.319674782523
21.142471260517,31.16247635008,41.182480088957,51.202481196903,61.222486843137,71.242487260253,81.262493397667,91.282493290858,101.3024999522,111.32250556569,121.34250493495
-4.8166505213492,-14.816652408677,-24.816651461716,-34.81665112579,-44.816650679421,-54.816652677191,-64.816651119196,-74.816652084495,-84.816651558971,-94.816650358037,-104.81665227665,-54.81657843708
22.737204753212,32.737208200633,42.737211648054,52.737212346857,62.737218828447,72.737218645231,82.737220226053,92.737226111175,102.73722712089,112.73722870172,12.737190989175
-52.078659150259,-44.098657849217,-36.118657093676,-28.138658478313,-20.158657402147,-12.178658539598,-4.1986574100231,3.7813398137411,11.761341418366,19.741341942886,27.721341433676
-38.369185906618,-48.389183903029,-58.409180765425,-68.429180043421,-78.449177348528,-88.469175445962,-98.489172751069,-108.50917005618,-118.52916707924,-128.54916663928,-138.56916168945
11.193123236282,21.193123742889,21.193139086518,31.193139854474,41.19313746893,51.193140867687,61.193138906417,71.193136713725,81.193155815892,81.193052442505,91.193050056961,101.19288068507
-7.8312800909606,2.1687202636662,12.168718933361,22.168718726344,32.168720886338,42.168722058648,52.16871948462,62.168721644614
-41.685701919906,-51.705702787743,-61.725706620565,-71.745706451137,-81.765710117449,-91.785708519832,-101.80571251917,-111.82571518641,-121.8457151835,-131.86571918283
-10.412144170037,-20.412144449517,-30.412143261346,-40.412145954809,-50.412145377205,-60.412144646959,-70.412143083285,-80.412143644392,-90.412145609757,-100.41214248918,-110.41214445455
-29.110042369763,-19.110043765996,-9.1100439404764,0.88995370788672,10.889953533406,20.889950742169,30.889950567689,40.889946907673,50.88995050853,60.889946790555
21.373576621297,11.373578244878,1.3735774197207,-8.6264192256792,-18.626415800185,-28.626415904577,-38.626416803674,-48.626415863888,-58.626411518952,-68.626408947486
-29.04360533572,-39.043605553562,-49.043603271108,-59.043604636055,-69.043606001002,-79.043604938625,-89.043606566937,-99.043604424011,-109.04360390262,-119.04360597049,-129.04360634919
33.531117938089,43.531119785172,53.531121632255,63.531121022412,73.531123384701,83.531122824556,93.53112226441,103.53112899389,113.53112843374
-37.262080772284,-47.262081561521,-57.262082906974,-67.262083002317,-77.262088061653,-87.262089407106,-97.262090752559,-87.262089407106,-107.26209099658,-117.26209094324,-127.26209368749,-137.26209363415,-97.261893063264
9.8777580828792,19.877756942008,29.877756834801,39.87775794676,49.877757349221,59.877757712432,69.877754884638,79.877757922022,89.877754928639,99.877757966024,109.87775471423,119.87775775161,129.87775534782
25.953567016733,35.953567436739,45.953565476837,55.953567855944,65.953565951473,75.95356833058,85.953563127799,95.953565415562,105.95356694642,115.95356847727,125.95356469696,135.95362064292
4.5424673200997,-5.4575311672849,-15.457530568612,-25.457532441208,-35.45753052627,-45.457531243862,-55.457530363398,-65.457534230756,-75.457531522407,-85.457531823281,-95.457528856313
-16.198200913213,-6.1982008881382,3.8017972916924,13.801798542696,23.801799304046,33.801799510913,43.801797049917,53.801797653153,63.801799274682
-21.68370947269,-11.683708976928,-1.6837084603802,8.3162918794866,18.316290874088,28.316291546531,38.316291901359,48.316292891417,58.31628938486,68.316293318299,78.316290729746
47.516390646579,57.516391633832,67.516390087068,77.516387862284,87.516386461,97.516389304248,107.51638756263,117.51638533784,127.51638476006,137.51638253527,147.51638031049
17.093050157087,27.093046564826,37.093044931874,47.093037657211,57.093036532902,67.093035217851,77.093027949611,87.093026698141,97.093019620642,107.09301736473
-8.8873726037891,1.1126322400686,11.112637083926,21.11264202425,31.112647048076,41.112649387313,51.112657314587,61.112658882097,71.112665842344,81.112668181581,91.112676058846
-1.1271334744606,-11.127132196061,-21.127131285854,-31.127131821807,-41.127128901575,-51.127130346433,-61.127131227426,-71.12712818098,-81.127130097092,-91.127129252885,-101.12712680391
19.707168857537,29.70717111711,39.707170248485,49.707169530519,59.707168730098,69.707167982386,79.707166966835,89.707166878764,99.707165327534,109.7071637763
36.981139787075,26.981141799095,16.981141371722,6.9811433161744,-3.0188615943355,-13.018923004529,-23.018923033499,-33.018926900228,-43.018930245066,-53.018929174332,-63.018934401711,-73.018937746549,-83.018706657431
4.099664546294,14.099664801458,24.099664209549,34.099665408689,44.09966404735,54.099665278791,64.099666381029,74.099663965769,84.099661550509,94.09966642865,104.09966428195
12.939826064425,2.9398246806702,-7.0601751818556,-17.060175327812,-27.060174144402,-37.060174733589,-47.060175641886,-57.060174763446,-67.060173580037,-77.060173006567,-87.060176545148
42.831364022664,52.831363940043,62.831363857421,72.8313637748,82.831363692178,92.831363609557,102.83136352694,112.83136344431,122.83136336169,132.83136123892,142.83136319645
17.393744907377,27.393744518506,37.393745012995,47.393745580644,57.393746148294,67.393743450052,77.393743539442,87.393743897853,97.393744196481,107.39374428587,117.39374485352
42.292543489951,52.292541330596,42.292541765195,52.292542417282,62.292540068266,72.292540720353,82.29254137244,92.292541442724,92.292565567127,102.29256563741,112.29256570769,122.29256810519,132.29256275507,142.29256282536
41.811603088536,36.811600127067,31.81160212236,26.811601296673,21.811600702225,16.811600485603,11.811600268981,6.8116013506769,1.811601134055,-3.1883990825669
47.978761164828,57.978758211622,67.978761594303,77.978758641097,87.978760657993,97.978756997005,107.97875950235,117.97875802459,127.97875904126,137.97875697862,147.97875196507
-1.3472962518653,-11.347299288477,-21.347302239404,-31.347307184922,-41.347309698851,-51.347312649778,-61.347313792754,-71.347321939943,-81.347323246792,-91.347327568673,-101.34733145356
23.099229868937,33.099229459723,43.099230471811,53.099226945695,63.099229409203,73.099231994801,83.099227437752,93.099229847042,103.09923194428,113.09922738723,123.09922349485
-7.7736974640075,2.2263063672238,12.226307440324,22.226309499987,32.226310858614,42.226311819986,52.226313330503,62.22631993374,72.226322120787,82.226323474713,92.22632498523
-15.291223056046,-5.2912231105283,4.7087798452922,14.708780584809,24.708783540629,34.70878699596,44.708783646011,54.708787858986,64.708790431794,74.70879306704,84.708791232382
39.68701791921,49.707012872245,59.727011610469,69.747007006386,79.767005301728,89.787002728504,99.806996962129,109.8269943889,119.84699181568,129.86699273392,139.88698434465
31.369470677588,41.369468008485,51.369465681163,61.369457895559,71.369455290083,81.369453216754,91.369445165077,101.3694425596,111.36943430174,121.36943317292
-25.595794724545,-15.595792506147,-5.5957913492265,4.4042122049148,14.404213812181,24.404217914855,34.404218772962,44.40421963107,54.404222886397,64.404226141725
-27.770395,-37.770397,-47.7704,-57.7704,-67.77041,-77.77041,-87.77042,-97.77042,-107.77042,-117.77042
-18.136280378899,-28.136281159146,-38.136280123949,-48.136281200334,-58.136279984251,-68.136281691225,-78.136279983043,-88.136280505468,-98.136280889403,-108.1362794045,-118.13627956516
-3.8416343237094,6.1583663215494,16.158366934832,26.158367292301,36.158368161396,46.158370467243,56.158368876335,66.158372205433,76.158370614525,86.158374073408,96.158370306214
41.55859350898,51.558594201249,61.558591922389,71.558592408337,81.558590065082,91.558593251443,101.55859144962,111.55859368191,121.55859391702,131.55859007826,141.55859530156
-16.351133953585,-6.3511346891466,3.6488652794344,13.648865193741,23.648866014385,33.648865076629,43.648865796175,53.648866920113,63.648863920661,73.648865044599,83.648862045148,93.648865674911
-14.387800758664,-4.3678021784125,5.652195760943,15.672195805802,25.692192674536,35.712192966304,45.732193011163,55.752194355684,65.772187801382
11.709128659517,21.709133110449,31.709136308312,41.709140759244,51.709146855119,61.709148756397,71.709156419767,81.709159225756,91.709161368961,101.70916656013,61.709066042388,31.70916970802
50.689608534792,60.689610678401,70.689614752478,80.689620069991,90.689622267627,100.6896295036,110.68963170124,120.68963564925,130.68963784689,140.68964004452,150.68964224216
37.701564877539,47.70156400029,57.701560357812,67.701556593374,77.701553306246,87.701549536542,97.701545777369,107.70154296229,117.70154462214,127.70153895373,137.70153708273,68.597779592435
-3.1622398416243,-13.162237794768,-23.162239792491,-33.16223809394,-43.162239700129,-53.162239088372,-63.162238223436,-73.162239329456,-83.162238964689,-93.162240657334,-103.16223707428
-13.163384586609,-3.1633833864114,6.8366178137861,16.836619013984,26.836620214181,36.836625874892,46.836624755708,56.836628275287,66.836627156103
4.3728899584197,14.372890006115,24.372887469421,34.372888186511,44.372885671506,54.372883134813,64.372885940409,74.37288267012,84.372879746857,94.372882479416,104.37287348632
-40.000553655081,-30.000552444542,-20.000552478945,-10.000552647505,-0.0005526819076,9.9994472836894,19.999447249286,29.999445077024,39.999447532505,49.999448432875,59.999445374124
-15.711135433687,-5.7111355621054,4.2888635831406,14.288863454722,24.288863326303,34.288864502921,44.28886111201,54.288862924362,64.288859974025,74.28885939659
-61.817216949948,-20.911931110981,-30.911932375795,-40.911932713145,-50.911932378869,-40.911932713145,-60.911932698615,-70.911930177574,-80.91193137604,-90.911935460059,-100.91193218344
-36.816438742936,-46.816435324434,-56.816432857846,-66.816430419249,-76.81642792467,-86.816424198234,-96.816422368598,-106.81641800521,-116.81641616152
13.528807099651,23.528803398957,33.528801531032,43.528793426514,53.528790832294,63.528783552114,63.528783552114,73.528781684189,83.528779816263,93.528772123914
-0.6374355907796,-10.637435985548,-20.637438576708,-30.637439682429,-40.63744183498,-50.637444720674,-60.637447470196,-70.637445654285,-80.637446869434
-14.317660290864,-24.317658174397,-34.317653941436,-44.317649163594,-54.317645319611,-64.317641397678,-74.317639670189,-84.317633631762,-94.317628753469
3.3953370227796,-6.6046673215854,-16.604669364592,-26.604672651981,-36.604677724061,-46.604680544806,-56.604685026554,-66.604687691752,-76.604692470902,-86.604694513908
-5.2376842218745,4.7623158223078,14.762315949164,24.762314619196,34.762315323268,44.762316164385,54.762315411633,64.762314961273,74.762316956822,84.762318306632,94.762312496716
-8.6301431994713,1.3698587358119,11.369858247926,21.369857184472,31.369858328335,41.369860130762,51.369858671598,61.369860079268,71.3698584882,81.369856897133
15.94645504858,25.946451168104,35.946447350742,45.946445882715,55.94644473543,65.946439662413,65.946439014843,15.946432361266,25.946428543905,35.946426915507,45.946425573709,55.946418833814,65.946417137131,75.946415829475,85.946409249951,95.946406659328,105.94640535167,115.94639927706
23.108984239792,33.108984095855,43.108983669933,53.108983385003,63.108986617456,73.108983705655,83.108985810163,93.108984931623,103.10898190851,113.1089839017,123.10898324579
28.008457260561,18.008457854546,8.0084566101863,-1.9915455782937,-11.991544550498,-21.991545334444,-31.991546590451,-41.991546011421,-51.991543590739
39.638548162201,49.638548450404,49.638558960659,59.638559248862,69.638555482915,79.638558916199,89.638557877459,99.638559638097,109.63855859936,119.63855992352,129.63855735763,139.63856049992,149.63855975217,159.63856107633
20.192033307215,30.192036856218,40.192040405222,50.192043954225,60.192044550996,70.192044875446,80.192051985476,90.192052165649,100.19205886707
-3.945096597384,-13.945095396608,-23.945095227105,-33.945091783326,-43.945092174574,-53.945089852296,-63.945087191895,-73.945087022392,-83.945086572514,-93.945088613533,-103.94508192796
6.6984933567009,16.698487862622,26.698482225858,36.698477333492,46.698472233895,56.698467134298,66.698461290302,76.698461045052,86.698454871121,96.698450659758
25.486512621299,35.486511075243,45.486511695296,55.486510375395,65.486510995448,75.486509368272,85.486511801201,95.486509247812
-25.104016060381,-19.104015739338,-13.104014158538,-7.104016851404,-1.1040151903614,4.8959852911669,10.895982036601,16.895984877158,22.895983811611
1.8585880636612,11.858584925846,21.858580028011,31.858577172507,41.858574872695,51.858572437309,61.858564656907,71.858562221521,81.858559921709
47.163626511327,57.163628242684,67.163623982987,77.163625654943,87.163621157641,97.163617135549,107.16362450155,117.16362142988,127.16361550695,137.16361148486,147.16360716446
-23.615286657904,-15.635287306532,-7.6552875214657,0.32471186385096,8.3047123435983,16.284712735065,24.264712781119,32.244711437809,40.224711483862,48.204714235406,56.184712892097
11.846191,21.846193,31.846193,41.846195,51.846195,61.8462,71.8462,81.8462,91.84621,101.84621,111.84621,121.84621
33.477849480179,43.497844776392,53.517842430108,63.537838247514,73.557837655587,83.577831388224,93.597827948406,103.61782735648,113.63781958322,123.65781482175
6.6258040249101,16.625798670908,16.625798670908,26.625791714939,36.625784758969,46.625779663431,56.625773149759,66.625765631588,76.625758998013,86.625752244535
60.539889246941,70.539889748778,80.539889690489,90.539889869935,100.53989069416,110.53989063587,120.5398857437,130.53989163955,140.53989093648
71.104740201186,81.104738920766,91.104739365025,101.10474041902,111.10473852886,121.10473785818,131.10474063686,141.1047387467,151.10473807602,161.1047408547
22.489614760355,12.489614459464,2.4896138834338,-7.5103871319777,-17.510388147389,-27.510389162801,-37.510390178212,-47.510391193624,-57.510389350953,-67.510393224446
-21.814207961775,-31.834209378253,-41.854212705089,-51.874214135119,-61.894215685208,-71.914217298546,-81.934218911884,-91.954219737783,-101.9742192418,-111.99422217702,-122.01422246848
57.518952525067,67.518959337682,77.518959958453,87.518960579224,97.518961171994,107.51896146789,117.51896863338,127.51896265343,137.51897619699,47.518952034516,47.518952034516
23.940496340217,23.940496340217,33.940497231905,43.940501671106,53.940502937447,63.940510146327,73.940511323456,83.94051225439,93.940519709466,103.94086448263,103.9405206404,113.94052157133,123.94017269321,103.94012257734
4.4865618490355,-5.5134372133471,-15.51343627573,-25.513435844199,-35.513439856415,-45.513439650728,-55.51343651732,-65.513436930641,-55.513391489629,-65.513391902951,-75.513398171715,-85.513405730661,-95.513409071704
62.097984001768,72.117986542218,82.137984266136,92.157987361546,102.17798528471,112.19798300862,122.21798604825,132.23798453725,142.25798706682,152.27798959638,162.29798608869
-10.404618615334,-18.384620046238,-26.364619852438,-34.344619658639,-42.324620364627,-50.304619702388,-58.284620917619,-66.264620108412,-74.244619357993,-82.224620573223,-90.204616939382
-45.195822137,-55.195824309923,-65.195824240133,-75.195823218679,-85.195820022193,-95.195822671107,-105.19582506511,-115.19582180489,-125.19582317464,-135.19582215411,-145.19582320521
7.2595693395412,17.259567916591,27.25956928316,37.259568166499,47.259569084681,57.259567714956,67.259566345232,77.259570305997,87.259570232724,97.259567566547
0.95385024563107,10.953854496653,20.953861166727,30.95386683669,40.953872301926,50.953878424244,60.953881851689,70.9538871551,80.953893153604,90.953899523551
12.740581211954,22.740580688169,32.740578958076,42.740580412354,52.740579888569,62.740580353816,72.740579830031,82.740580512793,92.740580513266,102.74058082514,112.74058057836,122.74058089023,132.74058064345
2.5174370519715,-7.4825641697546,-17.482563858485,-27.482563841226,-37.48256254563,-47.48256194035,-57.482565175439,-67.482566439197,-77.482565350869,-87.482560592977,-97.482561856734
14.295736920409,24.29573317615,34.295733681894,44.29573067734,54.295727818127,64.295724271989,74.295727330314,84.295724741894,94.29572050883,104.2957181912
3.9183192564066,13.918323378622,23.91832731952,33.918330018377,43.918332717234,53.918335416092,63.918338917287,73.918337407621,83.91834023567,93.91834306372
-39.080089416146,-31.100089764177,-23.120089875454,-15.140089986731,-7.1600891446274,0.81991082301356,8.7999101593111,16.779910126952,24.759910094593,32.739910571222,40.719911047852
3.9680849654682,-6.0319152237573,-16.031915251725,-26.031914665446,-36.031914223283,-46.031913997297,-56.031913483076,-66.031916244608,-76.031912454635,-86.031916369106,-96.031912579132
3.4811099815799,13.481109576561,23.481109171543,33.481108887637,43.481109972607,53.481111178691,63.481109228491,73.481107630903,83.481100734811,93.481101214214,103.48109621812
28.371422066425,38.391419783411,48.411417444036,58.431415047469,68.451413101805,78.471410425908,88.491408079908,98.511406648961,108.53140249935,118.55140015335
31.514278566037,21.514270022563,11.514263438374,1.5142548949004,-8.4857501683297,-18.485759527742,-28.485765119737,-38.485773134446,-48.485780423655,-58.485791148249,-68.48579762152
1.4821064021017,11.48210490628,21.482100651965,31.48209781633,41.482096741134,51.482094674689,61.482091264561,71.482090534061,81.482084559206,91.482083943604
8.6424318108902,18.642434541189,28.64244272253,38.642445452828,48.64245322155,58.642455272939,68.642463720571,78.642465625631,88.642474219591,98.642476124652,108.64248975704,118.64248545305,128.64249521763
30.869001020155,40.86900058827,50.869002055249,60.8689997245,70.869001151826,80.869002658458,90.86900031758,100.86899798683,110.86900317223,120.8690006778,130.86899834452
-21.134125076686,-11.134128751449,-1.1341306541533,8.865867631205,18.865864960011,28.865863245369,38.865861052451,48.865861916519,58.865856845969,68.865856898002
-49.28515594563,-39.265155654348,-29.245154002003,-19.225150910122,-9.2051518614094,0.81485146282829,10.834853775694,20.854855159137,30.874855836657
12.468579360661,22.468579987051,32.46857905307,42.468578119088,52.468580774148,62.468579639371,72.468578705389,82.468577771407,92.468576837426,102.46858201152,112.46858107754
-30.537423934604,-22.557425305152,-14.577426915988,-6.5974265762444,1.3825717252449,9.3625719886819,17.342572252119,25.322569897684,33.302570161121,41.282569118535,49.262570602875
42.031670885543,52.031672012189,62.031673538853,72.031674818247,82.031669338246,92.031670854702,102.03167198286,112.03167371596,122.03167501577,132.03167597228
5.337670888954,-4.6623336799216,-14.662339199032,-24.662346091983,-34.662350661756,-44.662355794059,-54.662361003723,-64.662365088328,-74.662369172933,-84.662376126549,-94.662378973371
32.090477890848,42.090472878387,52.090470924069,62.090469178181,72.090467580719,82.090465329548,92.090463078376,102.0904608272,112.09045857603,122.09045632486
8.1594704878487,-0.6405297049328,-9.4405321836972,-18.240532824089,-27.040534563802,-35.840535204194,-44.640538043228,-53.440539829299,-62.24053947242
47.113845029509,57.113845957014,67.113844077969,77.113844468983,87.113846006066,97.113846323993,107.11384722662,117.11384695985,127.11384913139,137.11384456709
10.959298049462,20.95929562093,30.959295617299,40.959292355849,50.959291960525,60.959291916379,70.959287184491,80.959285744656,90.959285524921,100.95928732836,110.95928135443
4.2668031574771,14.266804528899,24.266806001005,34.266807543216,44.266811576606,54.266813048713,64.266817152207,74.266815748288,84.26682009642,94.266817570831
-2.8910194154046,-12.911022501183,-22.93102508065,-32.951028499113,-2.8910867231642,-12.911089398863,-22.931091510491,-32.951095082945,-42.971097681249,-52.991100767028,-63.011101509443,-73.031105925961,-83.051109011739,-93.071109754154,-103.09111049657
60.19120278771,52.21120085831,44.231202287142,36.251202306813,28.271201081993,20.291202158534,12.311200967111,4.3312019722782,-3.6487976557607,-11.62879877581,-19.608798321514
9.6866529932452,-0.3133483443597,-10.313348438173,-20.313351969182,-30.313351174908,-40.313354274933,-50.313357522741,-60.313355891234,-70.313359360717,-80.313358320343
-21.326015437003,-11.306015160116,-1.2859807027245,8.7340185235848,18.754019771329,28.774019470152,38.794019253415,48.814018991203,58.834019066755
-4.492086,-14.4920845,-24.49208,-34.49208,-44.492077,-54.492077,-64.49207,-74.49207,-84.49207,-94.492065
20.286374570283,30.286374809393,40.28637718761,50.286377426719,60.286379939334,70.286384484166,80.286382315374,90.286384424797,100.28638707181
1.550254832556,-8.4497447892804,-18.449748841801,-28.449750611216,-38.449752380632,-48.449755886392,-58.449755624542,-68.449759484035,-78.449758880386,-88.449760637867,-98.44976213623
-4.5424965087164,5.4575035384058,15.457504046831,25.457504531725,35.45750326553,45.457505501514,55.457504258849,65.457506447946,75.457501656214,85.457503798423,95.457505846856
-28.111493156499,-18.111491095149,-8.1114888785437,1.8885077594076,11.888508043729,21.888506613964,31.888508830569,41.888510207956,51.888510492278,61.888510776599,71.888507632747
13.77077493892,3.7707690653483,-6.2292355624045,-16.22924106191,-26.229247807234,-36.229248451879,-46.229253702541,-56.229258953203,-66.229264203865,-76.229270077436,-86.229274705189
43.468095009638,33.468094308792,23.468091785143,13.468089525521,3.4680880385986,-6.5319160498316,-16.531917536754,-26.531920569075,-36.531920510598,-46.53192354292
-10.598097247215,-0.5980961973139,9.4019021664686,19.401899677521,29.401899626794,39.401898606342,49.40189952534,59.401895516353,69.401891920101
-39.765112991353,-49.765109432029,-59.765105872705,-69.765101883643,-79.765093070989,-89.765089081927,-99.765085092864,-109.7650811038,-119.76507201971,-129.76507119711,-139.76506458447
22.668418645187,32.668417222909,42.66842062912,52.668421281617,62.668421706834,72.668422132052,82.668422208127,92.668418278759,102.66841950768,12.668418034277
33.009115644473,43.009116411304,53.009116279548,63.0091165064,73.009114576471,83.00911479014,93.009115030175,103.00911552702,113.00911521389
9.5309575275252,-0.4690418896243,-10.469044585831,-20.46904162748,-30.469042968352,-40.469042374382,-50.46904490721,-60.469043981861,-70.469035715241,-80.46903240327,-90.469033638653,-100.46903055257
20.334988368279,30.334986756972,40.334985257624,50.334983982193,60.334982600766,70.334977626231,80.334980012277,90.334975037741,100.3349763299,110.33497262362,120.33497466093
-4.7734243614959,-14.773425122256,-24.773425973126,-34.773424390367,-44.773425376403,-54.773424595265,-64.773423814128,-74.773427449698,-84.773426668561,-94.773425887423,-104.77342399238,-114.77342321124,-124.7734224301
-35.924014966283,-45.924016309214,-55.924017720665,-65.92402401151,-75.924025889601,-85.92402736957,-95.924027505145,-105.92402898511,-115.92402991693,-125.9240313969,-135.92404051357
2.1761331435533,12.176133354419,22.176134323463,32.176134340954,42.176133406892,52.176134375936,62.176132886601,72.176134410918,82.176132921583,92.1761344459,102.17613184602,112.17613146723,122.17613489465
11.244479919954,1.2444801220912,-8.7555227134856,-18.755521639105,-28.755523538105,-38.755526373682,-48.755525913747,-58.755527198301,-68.75553018749,-78.755529420332
23.054282180805,13.054275463361,3.0542707008232,-6.9457346325624,-16.945741350007,-26.945746683392,-36.945752059184,-46.945759389883,-56.945766720581
17.290113845476,27.290111530535,37.290109253161,47.290107038832,57.290107710378,67.29010491655,77.290102777354,87.29010099226,97.290098198432,107.2900954046
23.078354949587,33.078354745767,43.078354406471,53.078355236025,63.078353980573,73.078354418935,83.078353496066,93.0783538127,103.0783547607,113.0783518563,123.07835567122
64.356912106401,54.356909796194,44.356911760768,34.356909450562,24.356911969766,14.356909172266,4.3569097640577,-5.6430882040315,-15.643088586826,-25.643087020447,-35.643088610595
31.014669632182,39.414665712086,47.814661278434,56.214660329196,64.614656003405,73.014655013112,81.414647392878,89.814646473218,98.214645553557,106.6146382235
24.448254121173,14.448252562319,4.4482530635627,-5.5517488613868,-15.551750776968,-25.551754825864,-35.5517523887,-45.55175473276,-55.551758886507,-65.551756716008
26.84544463858,36.84544924552,46.845448939376,56.845456221982,66.845456677233,76.845457038952,86.845457125196,96.845464454568,106.84546472532,116.84546504219,126.84546545131,136.84547241168
-2.3281703,-12.328174,-22.328176,-32.32818,-42.328182,-52.328182,-62.328186,-72.328186,-82.32819,-92.32819
-17.53141501081,-7.5314146040571,2.4685851090313,12.468585443467,22.46858495965,32.468586006229,42.468585628522,52.468584932484,62.468584236445
8.5372378998752,18.537238685861,28.537237438138,38.537238573614,48.537237746946,58.537239377039,68.537238339844,78.537239633215,88.537238648651
22.692101567439,32.692101486564,42.692101706296,52.692101625421,62.692104668314,72.692105111422,82.692105331154,92.692104348458,102.69210456819,112.69210478792,122.69210500765
7.1504600005162,17.150461998425,27.150463996335,37.150465994244,47.150465434585,57.150469738969,67.150468768543,77.15046861965,87.150474088082,97.150472045028
22.560885226237,12.560886426103,2.5608873555839,-7.4391122350823,-17.439111430482,-27.439112662845,-37.439112055878,-47.439111646544,-57.439110446678,-67.439107407483
29.082978113956,19.082977496299,9.0829768786425,-0.9170223276243,-10.917022945281,-20.917023562938,-30.91702727941,-40.917024974676,-50.917028161877,-60.917026033566
-63.584658984858,-73.60465398461,-83.624651218541,-93.644642429325,-103.66464093772,-113.68463689719,-123.7046306569,-133.72462661637,-143.74462257583,-153.76461789034
28.13482172485,38.134822600827,48.134820357155,58.134818424752,68.134816561759,78.134818077624,88.134812558131,98.134813175977,108.13481558986,118.13481007037,128.13481068821,138.13480516872
-17.651751589312,-17.6517633742,-7.6517613035203,2.3482442650082,12.348296252946,22.348305112448,32.348309458983,42.34831127104,52.348317790031,62.348319666743,72.348321737423
20.75879351761,30.778799892327,40.798803051636,50.818809130288,60.838815773316,70.858818932625,80.878822091934,90.898825044616,100.91882820392,110.93883874393,120.95884190324
3.4089871598043,-6.5910169918017,-16.591017675627,-26.591020528504,-36.591025050956,-46.591026612446,-56.591028155651,-66.59103199011,-76.591035806284,-86.591034820535
-19.645077659637,-29.645077188862,-39.64507707935,-49.645077254261,-59.645077506014,-69.645077035238,-79.645076706674,-89.64507409232,-99.64507592511,-109.64507329298,-119.64507799811
-10.973444969101,-0.9734474946332,9.0265495863538,19.02654596887,29.026544985223,39.026540226887,49.02653924324,59.026538669074,69.026532554249,79.026529883773,89.026528900126
-39.938539666104,-29.938538990948,-19.938538267529,-9.9385371332762,0.0614641452576,10.061466446628,20.061467725162,30.061469003695,40.061470282229,50.061471560763
-1.5522333480129,-11.552235378083,-21.552237433654,-31.552238703654,-41.552241989928,-51.552243259928,-61.552245341,-71.552249767378,-81.552251037378,-91.552252307379,-101.55225357738
-0.7492097101832,-10.749214410949,-20.749220005386,-30.749224706152,-40.749229406918,-50.749234107684,-60.74923880845,-70.749241628852,-80.749246329618,-90.749254216078
-30.280086228036,-20.280088182585,-10.280085253348,-0.2800872078971,9.7199111404689,19.719914007612,29.719914737288,39.719912782739,49.719913512414,59.719911557866,69.719911802878
20.22955569996,10.229556614137,0.22955683205829,-9.7704427231313,-19.770443824672,-29.770442910495,-39.770445697888,-49.770443515113,-59.770443539669
-20.230845218347,-20.230845218347,-30.230843545664,-30.230843545664,-40.230842285132,-50.230840409556,-60.230838533979,-70.230836867658,-80.230835194976,-90.230830108566,-80.230835194976,-100.23082826846,-110.23082497899,-120.23082672003,-120.23082672003,-50.230849445766
-5.912552929563,2.0674461532222,10.047447053852,18.027446911831,26.007447284697,33.987447142676,41.967447268113,49.947447126092,57.927446196
0.49693215452818,-9.5030738746032,-19.503081528647,-19.503081528647,-29.503088890288,-39.503093560522,-49.503103553771,-59.503108224005,-69.503115711857,-79.503121338875,-89.503129444923,-99.503135071941,-109.50314160301
23.873779719933,33.873783625544,43.873784611326,53.873785597107,63.873786582889,73.873787840905,83.873788962803,93.873790084702,103.87379107048,113.87379900683
59.379820631605,69.37981876765,79.37982079535,89.37982282305,99.379823959175,109.37982598688,119.37982857543,129.37983060313,139.37983263083,149.37982812747,159.37983071602
20.819542282513,30.81954574441,40.819547748636,50.819549371627,60.819551590941,70.819553213933,80.819557620252,90.81955765256,100.81956325152
3.5934147776762,-6.4065898831286,-16.406596850604,-26.406601511409,-36.40660706476,-46.406610496274,-56.406615771724,-66.406624431225,-76.406629245691,-86.406633752835
3.744445395945,13.744445576036,23.744444678738,33.744445936219,43.7444451024,53.744444141622,63.74444680934,73.744442347024,83.744443134426,93.744445802145,103.74444760523
19.368976741326,28.994514913006,38.994501441946,48.994503400543,58.994503560351,68.994506742173,78.994509012999,88.994511283825,98.994514465647,108.99451673647,118.99457797786,18.994496301527
-5.7322470721532,4.2677511476528,14.267754656071,24.267754569923,34.267754107266,44.267756298147,54.267753346645,64.267756078727
4.9211545365806,-5.0788433488927,-15.078842845936,-25.078839189475,-35.078838905357,-45.078834960422,-55.078834387829,-65.078831086415,-75.078827074908,-85.078828556089,-95.078823124397
-49.780404559006,-39.780402428946,-29.780403762542,-19.780403738567,-9.7804033109921,0.21959665429799,10.219597081873,20.219595633605,30.219595136611,40.219595564185,50.219595053839
-30.915667907005,-40.935669539244,-50.955670935389,-60.975675142591,-70.995676853527,-81.015681060729,-91.035678348216,-101.05568255542,-111.07568676262,-121.09568597729,-131.11568955491
39.585296392075,31.605295306771,23.62529446117,15.645298014625,7.6652969626139,-0.314704981622,-8.2947027354704,-16.274704886116,-24.254704699627,-32.234704240184,-40.214704604121,-48.194706204341,-56.174703407763
24.382522167157,33.342521842128,60.222523827675,69.182523418855,87.102522102246,42.302514589262,51.262493875617,60.222493550588,69.18249317319,78.142495609788,87.102491992742,96.062495043523,105.0224980943
-26.537617099015,-36.537617713836,-46.537617455872,-56.537618333824,-66.537616962369,-76.537618953812,-86.537618981405,-96.537620709716,-106.53761846548,-116.53761971237,-126.53762297463
62.282680209398,72.282683992503,82.282688034667,92.282692692847,102.28269631479,112.28270097297,122.28270355868,132.28270821686,142.28271287504,152.28271753322
-12.695002487311,-6.6950019906738,-0.6950010689493,5.3049976585138,11.304997865882,17.304998157876,23.304996664895,29.304996956889,35.304998864607,41.304997099989,47.30499766362
14.087233086318,4.0872362159445,-5.912761935319,-15.912758805693,-25.912758602396,-35.912753186885,-45.912749706339,-55.912747568078,-65.912748819413,-75.912745880595,-85.912743200605
-23.819457795528,-13.819458172457,-3.8194562985987,6.1805435509271,16.180541766484,26.180543249979,36.18054169199,56.180545439707,76.180544912304,46.18051972826
26.313566488241,18.333566687955,10.35356688767,2.373565051157,-5.6064347100599,-13.586434549414,-21.566434611856,-29.546432649934,-37.526432761529
5.3774679771312,15.377465847884,25.377462692767,35.377462404538,45.377459249421,55.377453483884,65.377453307859,75.377453163893,85.377446413322
3.7663281021183,13.766332032966,23.766335071121,33.766336011787,43.766336952453,53.766339875376,63.766340816043,73.766342281081,83.766343221747
-8.4081433606127,-18.408138108829,-28.408136072812,-38.408130864756,-48.408126664975,-58.408126399177,-68.408121193671,-78.408117387434,-98.408106883867,-88.408090087489
1.2101327356124,11.210130893873,21.21012754411,31.210126888627,41.210126805145,51.210125990426,61.210125149688,71.21012430895,81.210123273171,91.210122913473,101.21012255378,111.210121518
26.723626029964,36.723628759292,46.723632368044,56.723633712647,66.723640077029,76.72364093015,86.723640800306,96.723648147653,106.72364810026,116.72365536516,126.72365523531,136.72366258266
-36.761147357427,-46.761148065757,-56.761147995115,-66.761148862367,-76.761149517824,-86.76115162488,-96.761149114429,-106.76115169569,-116.76115235115
-50.509457,-60.50945,-70.509445,-80.50944,-90.50943,-100.50942,-110.509415,-120.509415,-130.50941,-140.5094
37.36244276324,31.362442539067,25.362442314893,19.362442090719,13.362443760107,7.3624431669224,1.3624423806989,-4.6375563503652,-10.637556943549,-16.637557922812,-22.637558515996,-28.637554791449,61.362507625953,55.36250541901,49.362498417227,43.362496699944,37.362494236106
47.171475293127,57.171476354639,67.171477203738,77.171478135551,87.17147902882,97.171480087519,107.17148081536,117.17148187406,127.17148293276
23.207874770217,33.207872126075,43.207871594625,53.207870809513,63.207866433172,73.207865874759,83.20786511661,93.207864558198,103.20786399979,113.20785574884,93.207864558198
50.362049393724,60.36204649753,70.362043054718,80.362040257868,90.362037126388,100.36203466417,110.36203045275,120.36203202481,130.36203090111,140.36202172757,150.36202288895
42.372276,52.372272,62.37227,72.37227,82.37227,92.37227,102.37227,112.37227,122.37226
-22.294997807782,-32.294999709815,-42.295001664581,-52.295003281469,-62.295006446333,-72.295006409783,-82.295009076246,-92.295012844974,-102.29501280842,-112.29501743026,-122.29501543834
-15.27496179033,-25.27496391676,-35.274961139188,-45.274963265618,-55.274960952443,-65.274958639268,-75.274960765698,-85.274958452523,-95.274960578953,-105.27495826578
-1.8936645900166,8.1063351610305,18.106332235877,28.106332275132,38.106329677543,48.106328693067,58.106327631983,68.106325694955,78.106323757942,88.106321820914,98.106319883902
-0.1463434902181,-10.146348059666,-20.146353158278,-30.146353051162,-40.146356948582,-50.146362047193,-60.14636502915,-70.146369527165,-80.146374325479,-90.146379123793
-27.811060201758,-17.811062138201,-7.8110604839976,2.1889382138469,12.188938927135,12.188921763817,22.188920429597,32.188921948531,32.188933588714,42.188942759579,42.188941733503
12.912372282195,22.91237288299,32.912370205441,42.912370964414,52.912368286865,62.912368413127,72.912369246303,82.912369794372,92.912370342442,102.91237187668
32.487573226867,42.487570746405,52.487566889753,62.487566475602,72.487562081402,82.487561667251,92.4875575782,102.48755287885,112.48755093999
59.427327198303,69.427328366753,79.427326101043,89.427327186716,99.427324921007,109.42732396013,119.4273232687,129.42732435438,139.42731929233,149.427320378
11.774367003628,21.774367235477,31.774367180154,41.774368205252,51.774367671311,61.774367667597,71.77436660343,81.774366128591,91.774366596002,101.77436960715,111.77436913231
-7.8314252323068,2.1685682688054,12.168562521046,22.168556956306,32.168552142216,42.168549398017,52.168541012735,62.168532083042,72.168530164748,82.168521141224
-11.454244372696,-1.4542448865908,8.5457543691691,18.545753120316,28.545754816475,38.545755241197,48.545754295888,58.545755204556,68.545753994724,78.545755178897,88.545756177766,98.545757693524,108.54575390438
-2.5289626680854,-12.528961545828,-22.528961267893,-32.528960834201,-42.528961768968,-52.528961256774,-62.528961318414,-72.528962169814,-82.528961012642,-92.528961280481,-102.52896221525
-12.357886170544,30.971544238456,20.971546491243,10.971544763863,0.97154631852413,-9.0284541168988,-19.028452778647,-29.028455828901,-39.028454521565,-49.028435516352,-59.028432878953,-69.028435406512
1.7209439666958,11.720944356453,21.720944734497,31.720944742578,41.720944348283,51.720945522092,61.720944350644,71.720944733502,81.720942007748,91.720942390606,101.72094124676
8.6480086289583,0.668007793497,-7.3119906611156,-15.2919934677,-23.271991813601,-31.25199515538,-39.231991371272,-47.211993012519,-55.191990393749,-63.171993105385,-71.151993093574,-23.271959155696,-47.211970764622
-39.49985018501,-29.499850653073,-19.49984860738,-9.4998497615663,0.50015068491338,10.500150404258,20.500150516207,30.500150060845,40.500150371503,50.500150547773,60.500149450206
8.2906808144836,18.290682562722,28.290681928802,38.290680885179,48.290684052044,58.290679806853,68.290682374671,78.290684060022,88.290681705879,98.290683548875,108.29068539187
22.113810991577,32.113810623212,42.113811593319,52.113811999134,62.11381240495,72.113810875599,82.113811347829,92.113814817393,102.11380916213,112.11380956794,122.11380997376
-65.313586827422,-75.333534830201,-85.353535279632,-95.373533317151,-105.39353122936,-115.41353342674,-125.43353133894,-135.45353207431,-145.47353102642,-155.49353260601
-11.410657072134,-1.4106573416457,8.5893424664685,18.58934212772,28.589342960294,38.589343242494,48.589341806066,58.589342710521,68.589340234652,78.589343548346
22.113810991577,32.113810623212,42.113811593319,52.113811999134,62.11381240495,72.113810875599,82.113811347829,92.113814817393,102.11380916213,112.11380956794,122.11380997376
45.686717709286,55.686716628098,65.68671770303,75.686719110758,85.686714370993,95.686716581332,105.68671879167,115.68671895306,125.6867142133
-26.444999593028,-16.444996715613,-6.4449939754726,3.5550093765257,13.555011378745,23.555016426177,33.555018082742,43.555020673445,53.555025963706,63.555024920713
18.865090422348,28.865091071881,38.865094348565,48.865098123861,58.865098524088,68.86509953499,78.865100296585,88.865107085582,98.86510834579
-3.1685020080089,6.8314953720344,16.831493777956,26.83149071477,36.831486202498,36.831485949477,46.831481455412,56.8314820148,66.831476203016,76.831476471079
-10.795646225922,-20.795650037457,-30.795653672278,-40.795655061361,-50.795659777519,-60.795663551205,-70.795668114838,-80.795672983521,-90.795676147107,-100.79568053089
-19.993570470402,-29.993572851147,-39.99357857725,-49.993578790221,-59.993583927532,-69.993584729295,-79.993589977004,-89.993590668369,-99.99359580568,-109.99360094299
29.323862719183,39.323860998801,49.323861747303,59.32385735841,69.323858356445,79.323853718019,89.323854865774,99.323850277255,109.32385142501,119.32384643724
-60.461336185821,-50.461341481124,-40.461347526516,-30.461352203648,-20.461359819361,-10.461363128234,-0.4613681015408,9.5386275175011,19.538623710393,29.538614641556
-25.976618361272,-35.976619539607,-45.976620363004,-55.976621955027,-55.976621955027,-65.976623609815,-75.976623878037,-85.976624146258,-95.976628511415,-105.97662644692,-115.97662671514,-125.97663196368,-135.97662989919
0.69548104979108,-9.3045227261179,-19.304526065627,-29.304530703752,-39.304537215549,-49.304539330695,-59.304543319512,-69.304547957637,-79.304556992414,-89.304560331923,-99.304564970048
-3.9116626794371,-13.911661398901,-23.91165992569,-93.911653563902,-3.2650862461668,-13.265085739428,-23.265086261801,-33.265113380936,-43.265114347194,-53.265113066658,-63.265111786121,-73.265112597893,-83.265108839701
38.369182334538,48.369182307496,58.36917835255,68.369177114609,78.369176246975,88.369175114107,98.369174774392,108.36917369406,118.36917245612
-16.324816859747,-26.324813306466,-36.324809274476,-46.324805914097,-56.32480322128,-66.324798485695,-76.324792478954,-86.324789786137,-96.324787029354,-106.32478235773,-116.32477762215
14.333865273614,24.333865924993,34.333866784305,44.333869239697,54.333871853166,64.333870846045,74.333873338861,84.333876064606,94.333878790351
-28.167924384323,-18.167923628815,-8.1679243356018,1.8320754805125,11.832076402196,21.832076374414,31.832075936701,41.832074414728,51.832075746342,61.83207615804,71.832075965692
-24.109792386714,-14.109791752902,-4.1097914474613,5.8902070839256,15.890208831088,25.890209134549,35.890210325036,45.890206980322,55.89020695343,65.890208474269,75.890209995108
-11.940403026026,-1.9203979478716,8.0996063347555,18.119610530458,28.139616491064,38.159623194004,48.179625427485,58.199627956943,68.219637546014
-21.343712383907,-31.343715438504,-41.343716271628,-51.343717104752,-61.34371831058,-71.343721424969,-81.34372070306,-91.343723687543,-101.34372236931,-111.34372860409
49.874406762433,59.874403557955,69.874399500548,79.874397491817,89.874392618371,99.874391415993,109.87439009062,119.87438258025,129.87438046672,139.87437901836
-38.842690089314,-48.84269261011,-58.842694669153,-68.842698138823,-78.842698941156,-88.842702256908,-98.842702751406,-108.84270606716,-118.84270938291,-128.84271342504,-138.84271109829,-148.84271441404,-158.84271772979,-168.84272104554,-178.84271944517
21.58037456019,11.580372565909,21.58037456019,31.580375597155,41.580377591435,51.580375909269,61.580381463195,71.580379664228,81.580385334955,91.580383419188
-38.788906361525,-48.788906141689,-48.788906141689,-58.78889960184,-68.788899311355,-78.788893651198,-88.78889262232,-98.788892121257,-108.78888558141,-118.78888620525,-128.78888107291
9.4035885692919,17.383588408606,25.363587791005,33.343589325778,41.323588693455,49.303588341682,57.283587724081,65.263587372308,73.243586739986,81.223590161303,89.203585770612,41.323582187646,65.263588530457,73.243630737817
25.033941600979,35.033941203484,45.033942852342,55.033941063629,65.03393900717,75.033940484922,85.033942237537,95.033943715289,105.03393831078,115.0339397513,125.03394134075
35.681110360962,45.281108030584,54.881106279983,64.481104094549,74.08109623826,83.681095146252,93.281093764356,102.8810904855,112.48107936485,122.0810791425,131.68108267146
25.951563871562,35.951565357727,45.951572972383,55.951574955913,65.951576990796,75.951578601302,85.9515863403,95.951587526429,105.95158956131,115.9515915962
-15.457553541409,-5.4575533894498,4.542448852242,14.542450049067,24.542452176065,34.542452965152,44.54245249907,54.542455148501,64.542455545763,74.542457803368,84.542458331238,94.542459120325,104.54233823489
45.775812530131,-44.340118377881,-54.34011379117,-64.340114940007,-74.340118294099,-84.340119049969,-94.340125451386,-104.34012620726,-114.3401293486,-114.3401293486,-124.34013575002,-134.34013650589,-144.34013487628,-154.34014037949
1.4715950182211,11.471595308192,21.471595640118,31.471594175202,41.471596477526,51.471596979288,61.471595771839,71.4715962736,81.471595199916,91.4715967814,101.47159489552
0.99053255902796,-9.0094670215802,-10.274253372979,-7.1457458192116,-17.14574959178,-27.145754956804,-37.14576109896,-47.145765865273,-57.145768860709,-67.145776973313,-77.145782342443,-87.145786115011,-97.145792673351,-107.14579325279
44.545494669362,36.565493544654,28.585494212968,20.605495242415,12.625493424337,4.6454940565169,-3.3345069842434,-11.314505225293,-19.294505803758,-27.274505053272,-35.254503798554
13.438624527652,13.438624527652,13.438624527652,13.438635416103,23.438635306117,33.438635665052,43.438634216701,53.438634106715,63.438634980986,73.438636048508,83.438635745271,83.438626539251,93.43864641109
-0.5595626949624,7.4804391390385,15.520437135407,23.560437848664,31.600435379285,39.640433390772,47.680434569776,55.720435989213
-8.1246834732749,1.8753169660844,11.875317104497,21.875316783385,31.875317492939,41.875315968042,51.87531897355,61.875317448653,71.875318046591,81.875316935262,91.875319940771
-0.0407693605215,7.9392310895303,15.919230842115,23.899231314908,31.879231289778,39.859231341863,47.83922980846,55.819230160046,63.799229313629
-18.369504962153,-28.389502011752,-38.409497640256,-48.429495100514,-58.449491654837,-68.469489568485,-78.489484763484,-88.509483504371,-98.529479684001
14.222221872394,24.242223132146,34.262223072838,44.282223200467,54.302222881447,64.322222484653,74.342220498585,84.362219052945,94.382220753844,104.40222563329
45.971731261423,55.971727906228,65.971729582204,75.971726035745,85.971726748665,95.971723512167,105.97172535297,115.97172189878,125.97172242717,135.97172448568,145.97171493825
-17.731631025248,-27.731631763721,-37.731630808789,-47.731633081127,-57.731633555251,-67.731631965561,-77.731634396589,-87.731634712023,-97.731635027458
11.749043892524,21.749044017197,31.749043616272,41.749044040252,51.749043478572,61.749043031106,71.7490435693,81.749042893406,91.749045198959,101.74904199848
46.953629280022,56.953624772436,66.953621351208,76.953620317458,86.953614723516,96.95361168374,106.95361026854,116.95360722876,126.95360087191,136.9536003863,146.95359956732
32.972653580423,42.972653925086,52.972652840757,62.972654216893,72.972655593029,82.972653064688,92.972657313828,102.97265244324,112.97265081744,122.97265467978,132.97265266717
31.117248845671,21.117248909742,11.117248043808,1.1172483748071,-8.8827523442994,-18.882751828244,-28.882750299619,-38.882750051072,-48.88275195813,-58.882750531139,-68.882753505912
-10.503079378279,-0.5030788336342,9.4969193042924,19.496922320783,29.496921246501,39.496921117982,49.496921935225,59.49691803803,69.496919786661,79.496919514545,89.496920396399
2.5414588369341,-7.4585430204714,-17.458550231387,-27.458555640964,-37.45855987592,-47.458564110876,-57.458568345832,-67.458575573957,-77.458577990365,-87.458584924835
3.0075241843188,-6.9924755486365,-16.992475329285,-26.992475606634,-36.99247515658,-46.992475984835,-56.992475180532,-66.992477096323,-76.992476292021,-86.992473094579
-34.710001432372,-44.710004766466,-54.710003689913,-64.710000674724,-74.710004008818,-84.710001714669,-94.710003110128,-104.71000203357,-114.71000065262,-124.71000353012,-134.71000640761
16.550815648557,26.550807477452,36.550801365916,46.550795694929,56.550789870799,66.550784139559,76.550778408319,86.550772677078,96.550766119974,106.55076038873
12.104958356147,22.104962771396,32.104967934639,42.104974232656,52.104980022697,62.104982436354,72.104987599597,82.104993643626,92.104998806869,102.10499983176,112.10500770495,122.10501125923
3.1810261742269,13.181025587258,23.181025665097,33.181025742935,43.181025408832,53.181024507904,63.181024740627,73.181023839698,83.181025720187,93.181027600675,103.1810278334
11.293161016385,21.293164118987,31.293166918009,41.293172443422,51.293173123212,61.293176768815,71.293179515065,81.29318406002,91.29318680627
-5.3275237122728,4.6724755161236,14.672477088772,24.67247574128,34.672474347417,44.672475966437,54.672474641714,64.672476191594,74.672474313751
24.390924469012,34.390927000874,35.990051071293,45.990051626275,65.990053182689,75.990052112127,85.990054572939,95.990050303332,105.99005229167,115.99005508481,25.990052281998
28.518866604038,38.518865928013,48.518863668038,58.518861476143,68.518862043666,78.518859511372,88.518860146975,98.51885815932,108.51885617167,118.51880798061
3.4371416729326,11.437143714634,19.437141739569,35.437142227235,43.437143180198,59.437144735806,67.437142134627,75.437141669332,83.437140960086,91.437141446934,99.437144978237,107.43714451294,115.43714404765
41.342147483291,51.342150812421,61.342151955668,71.342156129093,81.342155955841,91.342164103852,101.3421639306,111.34216676244,121.34217190536,131.3421747372
-55.283576076188,-49.283577273351,-43.283575391966,-37.283576786384,-31.283576444272,-25.283575908252,-19.283577058109,-13.283576376155,-7.2835760340441,-1.2835764528942,4.7164234947067,10.716423836818,16.716422622303,22.71642103063,28.716424880503
2.8679180199564,12.867921351979,22.867922150824,32.867926140007,42.867877328984,52.867879340448,62.86788464395,72.867884230175,82.867883613001,92.867889579902
19.191344930694,29.191344275977,39.191346539257,49.191345739884,59.191347521507,69.191349576016,79.191348985414,89.191348394812,99.191353303203,109.19135250383,119.191352122,129.19135090508
17.249545998921,27.249543927935,37.249542586984,47.249540616487,57.249538445013,67.249536157283,77.249535625578,87.249532787715,97.249533483162,107.24953197808,117.2495256069
36.468376774804,26.468359435433,16.468357996532,6.4683570157709,-3.5316453291371,-13.531644683375,-23.531647359338,-33.531647561176,-43.531649813339
53.871984255326,53.87194095667,53.87200487927,63.872007160737,63.872007160737,73.872005477616,83.872007759083,93.87200492473,103.87200629643,113.8720046133,123.87200780454,133.87190513497,143.87190163231,153.87190482355
-0.0424768345131,9.9575235205058,19.957523875525,29.957524258381,39.957521786889,49.957521200467,59.957521555486,69.957522355905,79.95751991225,89.957520267269,99.957520622288
1.8011215064311,11.801123623031,21.801126193679,31.801127856231,41.801130880927,51.80113009332,61.801133948361,71.801133418424,81.801132630817,91.801137393954
11.49919902041,1.499201822875,-8.5007991344801,-18.500799185204,-28.50080014256,-38.500797799062,-48.500799800965,-58.50079981721,-68.500799327388,-78.500800377626,-88.500800019786
26.612046988104,16.612044294496,6.6120435546892,-3.3879589178562,-13.387958709118,-23.387958269924,-33.387964833209,-43.387964394015,-53.38796583855,-63.387965399356,-73.387964841594
30.058650739889,40.058651452297,50.058651610919,60.058652476546,70.058652252612,80.058653118239,90.058653983866,100.05865484949
30.455282,40.455284,50.455288,60.455288,70.45529,80.45529,90.4553,100.4553,110.4553,120.4553
13.377652063463,23.377650235826,33.377648097354,43.377643654008,53.377641048889,63.377639067023,73.377637705241,83.377631110455,93.377626645086
64.316757209991,73.11676075217,81.916757481124,90.716760441705,99.516764033131,108.31676762456,117.11677111749,125.91676736334,134.71677820185
-18.554188374576,-10.574188688027,-2.5941893652526,5.3858104669071,13.365813514673,21.345811957194,29.325812160222,37.305810973612,45.285811824542,53.265810637931,61.24581084096
11.445949663599,1.4459474228531,-8.5540491520342,-18.554049718759,-28.554048594096,-38.55405038935,-48.554052184603,-58.554050144626,-68.554050151062,-78.554048111085,-88.554049822594
-8.3697376558167,-0.3897386190103,7.5902601987338,15.570261630863,23.55026039882,31.530261401712,39.510261877933,47.490258937626,55.470262558214,63.450261963443,71.430261368673
-3.2318682661797,6.7681319052513,16.768132833034,26.768132832986,36.768132699566,46.768132429835,56.768131550401,66.768132162994
-11.709683679652,-1.7096827615135,8.290318338952,18.290317893561,28.290318341873,38.290319375744,48.290319680306,58.290318474402,68.290319364523,78.290319371025,88.290319686148
50.348013711065,60.368014984376,70.388010052286,80.408011007116,90.428006282465,100.44800679233,110.46800254572,120.48800319089,130.5079982588,140.52799932482,150.54800065547
-2.9879201307276,7.0120807369834,17.012083079437,27.012083901198,37.012086566025,47.012088586104,57.012090306604,67.012086886944,77.012089990557
-11.419322,-21.419323,-31.419321,-41.41932,-51.41932,-61.419315,-71.41932,-81.41931,-91.41931
26.300601427938,36.300602747999,46.300597344669,56.300597417605,66.300597296402,76.300597369338,86.300597248135,96.300592783843,106.30059719987
-5.5902749284812,-15.590272356793,-25.590275036718,-35.590273719153,-45.590273405405,-55.590275458269,-65.590276037019,-75.590271882546,-85.590274248941
-14.686696027419,-4.6866963110726,5.31330352151,15.313302821815,25.313301749703,35.313301050007,45.313303381331,55.313299864402,65.313301981941,75.313302591127
-6.6601771732855,-16.660182801794,-26.660186824677,-36.66019190345,-46.660195456601,-56.660200817213,-66.660204732207,-76.66020886298,-86.660216205003,-96.660222043884
-3.5330326614757,6.4669708349539,16.466974010635,26.466977507064,36.466981003494,46.466981768222,56.466982532951,66.466987860243,76.466990015944,86.466990369967,96.466997744002,106.46699779169
-17.640806112206,-36.701826326105,-46.701827875588,-56.701830319967,-66.701832381441,-76.701832821437,-86.701836885788,-96.701839755151,-106.70183759477,-116.70184012751,-126.7018433335
4.2102689687933,14.210270051373,24.210270262226,34.210270434392,44.210269829443,54.210268196911,64.210269698671,74.210271450897,84.210268488771,94.210269088182,104.21026968759
-15.387181398661,-25.38718085694,-35.3871801403,-45.387180611577,-55.387179271,-65.387174382108,-75.387172905663,-85.387171429217,-95.387167576936,-115.38716358743
-5.8642823491395,4.1357132828772,14.135708786484,24.1357069925,34.135704816745,44.135698121205,54.135696334139,64.135693519794,74.135688226386
-14.958985064378,-24.978985116201,-34.998985576104,-45.018989128526,-55.038987923345,-65.05899131551,-75.078990270587,-85.098993181981,-95.118992297314,-105.13899584974
33.221285422327,43.221284401609,53.221285287011,63.221286172414,73.221287057816,83.221285042632,93.221288568149,103.22128694367,113.22129007848,123.22128871448
38.233491031576,48.233491300217,58.233492106209,68.233492099432,78.233491958318,88.233491750034,98.233491810427,108.23349389937,118.23348786964,128.23348846739,138.23348799043,38.233491031576,48.233491300217,58.233492106209,68.233492099432,78.233491958318,88.233491750034,98.233491810427,108.23349389937,118.23348786964,128.23348846739
0.82014113742683,-9.1798587187185,-19.179861209068,-29.179860716823,-39.179862175322,-49.179861683077,-59.179864368903,-69.179863876659,-79.179863384415
10.357947058096,0.35794176768372,-9.6420596165962,-19.642064156554,-29.642067248779,-39.642071577672,-49.64207611763,-59.642080657587,-69.642082950211,-79.642087920816,-89.64208721565
-8.7042728514778,-18.704270757503,-28.704271753124,-38.704271359051,-48.704269360421,-58.704268867072,-68.704268994134,-78.704268947484,-88.704269248258
44.907200099847,54.907194107902,64.907188146416,74.907188009012,84.907181453895,94.907175873462,104.90716931834,114.90716276323,124.9071628384
19.752947026095,29.752943702874,39.752945026611,49.752941987486,59.752938948361,69.752941449688,79.752938410563,89.752935655534,99.752937872765,109.75293454954,119.75293122632,129.75292903949,89.752935655534
19.71196,9.711959,-0.2880409,-10.28804,-30.288042,-40.28804,-50.28804,-60.28804,-70.28804,-80.28804,-20.28804
26.596593549872,36.596588452159,46.596580863872,56.59657914584,66.596570668446,76.596563755753,86.59656196655,96.596553204471,106.59654707466,116.59654535663
35.796084362339,25.796084899755,15.796083065971,5.7960816818021,-4.2039201519817,-14.203920800166,-24.203921448349,-34.203926306532,-44.20392503313,-54.203927825199
-10.123867803556,-2.1238688420732,5.8761316059253,13.876132053924,21.876128578828,29.876129026827,37.876129177826,45.876129328825,53.876126147691,61.876129630823
-7.5014985972313,2.4985018171425,12.498501941028,22.498503442914,32.498505968214,42.498506589824,52.49850870065,62.49850938901,72.498513614848,82.49851372657
35.275888121377,45.275888548608,55.275888352402,65.275888982363,75.275886070613,85.27588398503,95.275886426459,105.27588483949,115.27588175668,125.27588394846,135.27588186288
-39.161062683077,-29.161058995398,-19.161058296376,-9.1610533109814,0.83894907898119,10.838952951231,20.838953650253,30.838958635648,40.838962775572,50.838962570102
26.800827530424,36.800825748437,46.800822780875,56.800818526273,66.800816824125,76.80080971934,86.800808017191,96.800806315043,106.80080208207,116.80080354946
-28.976479833026,-18.976473635052,-8.9764674370782,1.0235378589287,11.023545982592,21.023551278599,31.023559240259,41.023563162685,51.02356579304,61.023575558633
34.308088527666,44.308089139467,54.308089601988,64.308088108796,74.308089926706,84.308088433514,94.308091150308,104.3080872449,114.30808816393,124.30809058216,134.30808487898,144.30808759577,154.3080885148
-0.8729937095085,9.1270079021483,19.127007298201,29.127008189281,39.127007262392,49.127007854696,59.12700752536,69.127006051448,79.127009405646,89.127007236054,99.127005066463,109.12700981202,119.1270092359
48.492402318799,38.492396381484,28.492392480563,18.492386381958,8.4923826784825,-1.5076240652827,-11.507628419886,-21.507633873331,-31.507641357995,-41.507644649405
21.080852108339,11.080853824697,1.080855365632,-8.9191417409104,-18.919139239819,-28.919136667919,-38.919133703652,-48.919131665736,-58.919128701469,-68.919125737202
6.7605658021973,-3.2394335763915,-13.239433473016,-23.239431169978,-33.239431066602,-43.23942934536,-53.239427915014,-63.23942833864,-73.23942683557
19.520353,29.520355,39.520355,49.52036,59.520363,69.52036,79.52036,89.52036,99.52037,109.52037
46.854222761889,56.854225188249,66.854227823892,76.854230836069,86.854229009113,96.854234935722,106.85423503347,116.85424096008,126.85424030475,126.85419892213,126.85419892213,136.85419667661,11.822851025398
-16.832737315561,-6.8327339206563,3.1672694951678,13.16727274894,23.167277445804,33.167279277404,43.167280868361,53.167282922066,63.167290107838,73.167293222749
4.7281351360558,4.7281617173755,-5.2718396044894,-15.271842011176,-25.271843100408,-35.27184542955,-45.271845356415,-55.271848383457,-65.271852710328,-75.27185170666
-22.954958627035,-12.954957147376,-2.9549543353026,7.0450484767711,17.045047660378,27.045051595034,37.045053390489,47.045054819261,57.045059226563
58.209614783479,48.189611541948,38.169609805595,28.149606224588,18.129605841446,8.1096018760519,-1.9104003470563,-11.930401650182,-21.950403413299,-31.970405176415
23.099229868937,33.099229459723,43.099230471811,53.099226945695,63.099229409203,73.099231994801,83.099227437752,93.099229847042,103.09923194428,113.09922738723,123.09922349485
32.964548408476,32.964548408476,42.96455104908,52.964553617299,62.964556554421,72.964559390462,82.964560634565,92.964563007347,102.96456538013,112.96456867943,122.96457012569
9.5649679314768,19.564967323541,29.564966336836,39.564967171295,49.564968678269,59.564967788927,69.564966411113,79.56496745815,89.564967291566,99.564968535719,109.56496951705,119.56497049838,129.56496623578,-0.4350049686837
-17.420082062306,-7.4200822181051,2.5799178703323,12.579918078457,22.579916203043,32.579917864554,52.579919874715,62.579918481999,72.579917155696,82.579920009462,42.579929486139
-4.2262864651998,5.7737128743569,15.773712858228,25.7737128421,35.773713571735,45.773714015401,55.773714459066,65.773714718211,75.773711954014,85.773715605543,95.773712841345,105.77371630835,115.77371354416,-14.226280663775,-24.226281250426
15.741156411403,5.7411572322587,-4.2588387359319,-14.258838739716,-24.258837174468,-34.258834146037,-44.258830672522,-54.258830829442,-64.258828286417,-74.25882918773
3.0397274935587,13.039727858517,23.039727964688,33.039727331439,43.039727102425,53.039727409708,63.039727716991,73.039728024273,83.039728331556
30.626558961062,40.626558040673,50.626557908115,60.626553933219,70.626557028697,80.626559686876,90.626556149278,100.62655907947,110.62655529329,120.626558125,130.62655478436,60.6265272195,90.626573885874,60.6265272195
-5.2376842218745,4.7623158223078,14.762315949164,24.762314619196,34.762315323268,44.762316164385,54.762315411633,64.762314961273,74.762316956822,84.762318306632,94.762312496716
0.97241208654927,10.972408674187,20.972404943908,30.972400230113,40.972400146574,50.972393405388,60.972393321848,70.972385944831,80.972386107171,90.972378622581
-10.967322587906,-20.967323464919,-30.967322616612,-40.96732216469,-50.967322645319,-60.967324860123,-70.967324408202,-80.96732395628,-90.967323504358,-100.96732305244,-110.96732513008
-3.4804813277125,6.5195189314597,16.519517813354,26.519519725099,36.519518606993,46.519517488887,56.519519400633,66.519518833117,76.519517715011,86.519516596905
13.728762878314,23.728763858597,33.728766646719,43.728769434841,53.728771693152,63.728774332116,73.728773653717,83.728817999595,93.728824420103,103.72882334405
-8.531626976312,1.468374588841,11.468377576949,21.468382379503,31.468381861699,41.468386664253,51.468392540853,61.468391600182,71.468396402736,81.468396096365
-4.6934335606132,5.3065674236556,15.306566614339,25.306565576949,35.306566561218,45.30656903751,55.306565839378,65.306568315669,75.306566029831,85.306568042225,95.306564844093,105.30656685649,115.30656520269
-1.6202803641976,-11.620280155332,-21.620280465559,-31.62028138385,-51.620280062399,-41.620231755855,-51.620231068183,-61.620234905893,-71.620205351896,-81.620205608231
-0.9104909252836,-10.910487944578,-20.910479186769,-30.910475921035,-40.910472573864,-50.910469267412,-60.91046083535,-70.91045720315,-80.910454873939
-16.471294722728,-26.491293324368,-36.511291358985,-46.531289441678,-56.551287883333,-66.571284302693,-76.591284352128,-86.611280164671,-96.631282449071
0.99002536605782,-9.0099719044218,-19.009965639779,-29.009963182584,-39.009959516314,-49.009953638348,-59.009947760383,-69.00994513437,-79.009940765478,-89.009938744002
40.550284871719,50.550283788614,60.550278927085,70.550277183888,80.550275402833,90.550272724164,100.55027004549,110.55026699812,120.55026676148,130.55026164078,140.55026112605
44.795162579287,54.795154938723,64.79514994251,74.795142527576,84.795139950084,94.795133136832,104.79512512022,114.7951171036,124.79511452611
-11.279863475811,-21.279863289413,-31.279863330593,-41.279862859028,-51.279862729293,-61.279863682638,-71.279863723818,-81.279862881507,-91.279862922687,-101.27986433119,-111.279863126
0.35379827601975,-9.646203082748,-19.646204619258,-29.646204484075,-39.64620655381,-49.646208623545,-59.646209271345,-69.646210735839,-79.646207821899
-34.651378855915,-29.651379583979,-24.651378569263,-19.651379297327,-14.651378765246,-9.6513792037286,-4.6513787681745,0.34861977513221,5.3486215184774
11.860295827193,1.840293866924,-8.1797076338247,-18.199708835624,-28.219712625339,-38.239712981604,-48.259715626836,-58.279717127585,-68.299721038657
-16.849257628664,-6.8492559688716,3.1507465919872,13.150748927739,23.1507503785,33.150753228339,43.150755050003,53.150757835969,63.150761132923,73.150763407901,3.1507105982808,53.150730922757
6.3930464507649,6.3930478974914,-3.6069541825119,-13.606952023817,-23.606954366983,-33.606954211418,-43.606954168918,-53.60695291209,-63.606953744724,-73.606955099691,-83.60695206021
17.815199430069,27.815200619172,37.815200050407,47.815199033234,57.815199723484,67.815199965326,77.81519786383,87.815201994147,97.81519719993,107.8151968439,117.81519815724
-35.391391149395,-45.411386224109,-55.431380630494,-65.451381055937,-75.471375963568,-85.4913708712,-95.51136717279,-105.53136157918,-115.55135665389,-125.57135039195
11.959149417045,1.959155091115,-8.0408418454871,-18.04083670822,-28.040832266582,-38.040828898551,-48.040823687938,-58.040818014751,-68.040812804138
-33.54328960645,-43.543293291738,-53.543295946346,-63.543301190926,-73.543302690211,-83.543307217466,-93.543310491298,-103.54331521475,-113.54331848859,-123.54331927055,-133.54332897774
6.1000649019513,16.100065718513,26.10006462442,36.100065817074,46.100065505358,56.100067329034,66.100065452564,76.100065140848,86.100064392458,96.100063971574,106.10006789425
19.682635728598,9.6826356527273,-0.3173658366427,-10.31736390319,-20.317365025621,-30.317363092168,-40.317366124802,-50.317362754866,-60.317365629593
39.278349954305,31.298348544491,23.318346545625,15.338349166412,7.3583475133708,-0.6216516201164,-8.6016519896385,-16.581660875435,-24.561662659655,-32.541666542756,-40.521669494714,-48.501673151586
16.180013095235,6.1800142553229,-3.8199862388772,-13.819986312743,-23.819985979799,-33.819988020557,-43.819987996101,-53.819985289456,-63.819987428535,-73.819988642149
6.9645529957185,-3.0354450903928,-13.035445478998,-23.035446199865,-33.035446872258,-43.03544754465,-53.035446269284,-63.035445806525,-73.035445343767,-83.035446274381,-93.035445714672
7.1649313526188,17.164929633865,27.164927693107,37.164918884084,47.164916943327,57.164915890585,67.164908281488,77.164905137748,87.16489847966,97.164900815281
-0.4550328343505,-10.455033033048,-20.455032795767,-30.455034726403,-40.455036657038,-50.455034406417,-60.455036491627,-70.455037958537,-80.455040662048,-90.455038720577
23.099229868937,33.099229459723,43.099230471811,53.099226945695,63.099229409203,73.099231994801,83.099227437752,93.099229847042,103.09923194428,113.09922738723,123.09922349485
-7.2929428732082,-17.292934713222,-27.292932649841,-37.29292581795,-47.292918973968,-57.292912129986,-67.292904844313,-77.292900257149,-87.292893413167,-97.292885980264
21.226830663536,30.826830180619,31.226842678664,41.226842778443,61.226842403927,71.226842353953,81.22684260118,91.226842551206,101.2268427355,111.22684508102,51.226858379085
-29.612778161307,-39.612781302398,-49.612784364432,-59.61278641731,-69.612790804726,-79.612792541378,-89.612797781999,-99.612796014683,-109.6128012553,-119.61280649592,-129.61281003013
5.6882452263121,-3.1117562230204,7.3555532098885,-1.4444486502122,-10.244449373569,-19.044452515494,-27.844453238851,-36.644456791544,-45.444456959052,-54.244458949077,-63.044462161516
11.871576660689,1.8715781825249,-8.1284211390555,-18.128420460636,-28.128419782216,-38.128419582161,-48.128421381046,-58.128418225322,-68.128419676229,-78.128417177796,-88.128418938017
30.322575429992,40.322574772132,50.322574114273,60.322574058778,70.322567921262,80.322567139182,90.322567037747,100.32256061053,110.32255354492
-28.709944610249,-18.709944786413,-8.7099464032656,1.2900539631528,11.290054685096,21.290055784524,31.290055417933,41.290055051342,51.290053745672,61.290053379081,71.290055944527
8.4613580628935,18.461357608298,28.461358530402,38.461357086571,48.461355852355,58.461356188571,68.461354943164,78.461354687896,88.461356195888
-35.114428954186,-26.314427556365,-17.514429895172,-8.7144292032674,0.08556984015842,8.8855711027157,17.685570146141,26.485568075721,35.285569310819
36.776695267447,31.776696883678,26.776695718588,21.776697199916,16.776695874999,11.776697558682,6.7766960988618,1.7766949586959,-3.2233033077736
24.813271176955,14.813271217041,4.8132710217252,-5.1867291735911,-15.186728934822,-25.186729875477,-35.186729541055,-45.186729551723,-55.186728581562,-65.186728609148,-75.186731235476
-15.973079180877,-25.973079333914,-35.973078426303,-45.973074220922,-55.973073653095,-65.973072745485,-75.973068797299,-85.973072454578,-5.9730844881999
30.475171506211,40.475172068257,50.475172198939,60.475170773093,70.475172016359,80.475171361126,90.475171716501,100.47517401099,110.47517311076,120.47517051641,130.47516961618
32.027396700025,42.027390492889,52.027390743795,62.02738445274,72.027384787566,82.027378328672,92.027378663497,102.02737249266,112.02737287511,122.02736675189
27.439434186667,37.439436096541,47.4394331246,57.439435034474,67.439431920616,77.439433783184,87.439436485994,97.439455200284,107.43945726334,117.43945977692,127.43945214844,137.43945224717
-20.604136338834,-10.604140950105,-0.6041413982885,9.395856627922,19.395853016515,29.395852042591,39.395849620487,49.395842423352,59.395842397674,69.39584035052
66.51111844279,76.511123501756,86.511126244964,96.511131511033,106.51113657,116.511138899,126.51113951789,136.51114393988,146.51114963582,156.51115025472,166.51115595065
-5.9897812781204,-15.989785146719,-25.98978461648,-35.989788346704,-45.98979013339,-55.989789434613,-65.989792934652,-75.989794409598,-85.989797525998
17.651069244162,27.65106885052,37.651068783166,47.651069742073,57.651068102843,67.651068361779,77.651068620714,87.651069223548,97.651069945518,107.65106725024
-12.732129319523,-2.732128689553,7.267873065646,17.267874356928,27.267875228634,37.267875575143,47.267877634665,57.26787498726,67.267877941154
-6.9930246901806,-0.9930247607764,5.0069754653427,11.006975964155,17.006974748211,23.006976689086,29.006977309197,35.006976153903,41.006976531416,47.006975618719,53.006975996232,59.006975486043,65.006975946245
29.25400289143,19.254000504933,9.2539996716646,-0.7460027225336,-10.74600286243,-20.746005879893,-30.746005676954,-40.746008258371,-50.746010590163,-60.746011467269
5.4502239347736,15.45022290328,25.45022402273,35.450222848806,45.450223439781,55.450224030755,65.450225150205,75.450221697417,85.450226332154,95.450223407841,105.45022130526
-48.459379873456,-58.459378568661,-68.459377943288,-78.459379162251,-88.459380381214,-98.45937655266,-108.45937777162,-118.45937394307,-128.45937516203,-138.45937909869,-148.45937527013
62.822302845972,72.822302100919,82.822306355211,92.822311471098,102.82231108012,112.82231350853,122.82232020923,132.82231885396,142.82232334933,152.82232784469,162.82233234005,172.82233711218
27.105634584507,37.105633536591,47.105632488676,57.105629256666,67.105627900864,77.105627776611,87.105626420809,97.105623804574,107.10561872524,117.10562109297
-9.3750851258049,-19.375087027832,-29.375091031383,-39.375094438383,-49.375096191272,-59.375097645886,-69.375103750961,-79.375105652988,-89.375108469405,-99.375110371432,-109.37511647651
17.509434349545,9.5094357561482,1.5094359505734,-6.4905638550015,-14.490564258478,-22.490564683399,-30.490565086875,-38.490563935451,-46.490565534731,-54.490564024208,-62.490563231881,-70.490564831162,-78.490564419376,-86.490566018657,-94.490564845789
6.123321,16.123322,26.12332,36.12332,46.12332,56.12332,66.12332,76.12332
76.535309742322,86.555239488576,96.575240399996,106.59523582418,116.615239191,126.63523206277,136.6552354296,146.67522861178,156.6952319786,176.73522790679,166.71508379251,176.73508715934,76.535241311076,96.575258000845,90.575256775204,84.575260680684,84.575247721379,84.575247721379,78.575246534539,72.575269998737,66.575273826615,60.575272872583
22.478800163521,32.478799309442,42.478799729492,52.478800044647,62.478798770237,72.478798718363,82.478798666489,21.385325812723,31.385324843948,41.385324714381,51.385324190326,61.385323527184,71.385326008723,81.385324734314,91.385323948383,101.38532463057,111.38532286768,121.38532208175
-16.429068643353,-26.429071748821,-36.429078441701,-46.429085134581,-56.429087086327,-66.429095513995,-76.429101902664,-86.429108443438,-96.429110243079,-106.42911693596
-10.176001913415,-0.1760036337546,9.8239965345608,19.823994978694,29.823996946032,39.82399427397,49.823993580194,59.823996588887,69.823993916825,79.82399102924
-15.867769,-25.867771,-35.86777,-45.867775,-55.86778,-65.86778,-75.86778,-85.86778,-95.86778,-105.86779
26.184087044324,36.184087477255,46.184087588951,56.1840866169,66.184086728597,76.184085555353,86.184086951989,96.184086229411,106.18408762605,116.18408434164,126.18408550489
-29.454183983323,-39.454183325823,-49.454184718762,-59.454183660436,-69.454184305271,-79.45418476271,-89.45418424454,-89.454178162726,-99.454178839113,-109.45417654,-119.45417638438,-129.45417763003
-3.2846107299434,6.7153834450693,16.715380257993,26.715374604699,36.715368363643,46.715365394613,56.715359741319,66.715354088025,76.715348434731,86.715342781436
18.466324139275,8.466323416426,-1.5336760877589,-11.533676950099,-21.533675729206,-31.533676591547,-41.533677657758,-51.533676362551,-61.53367958631,-71.533678291103,-81.533676735491,-91.533677525668,-101.5336783484
15.848130340596,25.848124766441,35.848123380993,45.848119086823,55.848120610099,65.848116315928,75.848113091866,85.848114615142,95.84811139108
7.5600165866925,17.560015922953,27.560016105647,37.560015767035,47.560016348411,57.560015880849,67.560014953293,77.56001635361,87.560015541053,97.560014728496,107.56001895983
10.203335086581,20.203345405975,30.20334656099,40.203344106906,50.203345261922,60.203346416938,70.203344157018,80.203344989698,90.203345894007
6.3122866220367,-3.687713757823,-13.687714197706,-23.687713994899,-33.687713792092,-43.687713589285,-53.687714029168,-63.687713826361,-73.68771420622,-83.68771458608
23.108984239792,33.108984095855,43.108983669933,53.108983385003,63.108986617456,73.108983705655,83.108985810163,93.108984931623,103.10898190851,113.1089839017,123.10898324579
16.971296284974,6.9712973111741,-3.0286976448381,-13.028693792266,-23.028690846726,-33.028688761327,-43.028685517932,-53.028680460475,-63.028677217081,-73.028676336567,-83.028668618375,-93.028668035715
-17.427258781589,-17.427258781589,-7.4272581924192,2.5727426697324,12.572743942426,22.572744342446,32.572744248093,42.572746656767,52.572746381894,62.572746236995,72.572748414603
2.0206708068843,-7.9793254901835,-17.979319230497,-27.979315307713,-37.979311398453,-47.97930714825,-57.979301485214,-67.979296553124,-77.979294635429,-87.979291067112,2.0206708068843
-32.334304068401,-42.334306097245,-52.334307673594,-62.334308261586,-72.334311488219,-82.334313483431,-92.334314314487,-102.33431828641,-112.33431746718,-122.3343194624,-132.33432673489
19.906154904365,29.906161862515,39.906169250572,49.906171520404,59.906175584565,69.906184539539,79.906187706535,89.906191733346,99.90619448911,109.9062043039
-10.750797982093,-0.7507941348952,9.2492095923517,19.249213079697,29.249216521854,39.249217395754,49.249220631901,59.249223711049,69.249227812602,79.249231757156
-32.041130299455,-24.061129613461,-16.081130772447,-8.101130611189,-0.1211311777808,7.8588708961138,15.838869077077,23.818868510485,31.798868604085,39.778870745637,47.758870839237,-40.021126487358,17.553827314571,17.553827314571
14.385548900241,4.3855484668069,-5.6144526139969,-15.614451103202,-25.614453478745,-35.614452768512,-45.614452134632,-55.61445420476,-65.614452620884,-75.614455144711,-85.614456150312
22.816325102606,32.816322199319,42.81632321655,52.816316800018,62.816317817249,72.816318218987,82.81631190198,92.816312874032,102.81631358352,112.81630722804
35.72888622662,45.728886845085,55.728888338017,65.728888956483,75.728888381106,85.728890207254,95.728888764331,105.72888732141,115.7288900151,125.72889029343,135.72888519112,95.728893678467
-19.080512756962,-9.0805118360499,0.91948757488925,10.919488571492,20.919487887818,30.919487221011,40.919488087211,50.919487401482,60.919486187837
-4.3950157269617,5.6049841976955,15.604985052597,25.604984949602,35.604984806011,55.604985173187,65.604983228906,75.604983739674,45.60497107874
1.0345345120809,11.034534994948,21.034534700461,31.03453519537,41.034534607196,51.034534143694,61.034535233201,71.034533241623,81.034534056854,91.034535669982,101.03453714257,-8.9654279791241
-7.9875110155989,-17.98750879514,-27.987508308089,-37.98750825527,-47.987508376144,-57.987509070811,-67.987504422173,-77.987505464225,-87.987504837613,-97.987504490123,-107.98750525305
-26.429405874274,-18.449407653325,-10.469406639604,-2.489407992849,5.4905935237054,13.470592425944,21.450592843536,29.430592806223,37.41059276891,45.390590006438,53.370593983254
42.659847381972,42.659847381972,52.659846217475,62.659841959844,72.659837540015,82.659833120187,92.659829747476,102.65982532765,112.65982090782,122.65981648799
31.717432016564,41.717431724606,51.717426791993,61.71742057966,71.717420979654,81.717415355089,91.71740943664,101.7174102347,111.71740461014,121.71739898557
8.069023,18.069021,28.069021,38.069023,48.06902,68.06902,78.069016,88.06902,98.06902,58.06905
-7.4487826821409,2.5512142011973,12.551208386062,22.5512052694,32.551203034811,42.551196326218,52.551196492283,62.551190974967,72.551185898688,82.551185403198,92.551180082282
15.195472184957,5.195469186798,-4.8045311022475,-14.804531583204,-24.804534131221,-34.804535234069,-44.804536025971,-54.804536701268,-64.804540517354,-74.804543303441
-8.1587489381912,1.8412498958843,11.841249528147,21.841250433434,31.841249099145,41.841251583927,51.84125121619,61.841251461397,71.84125109366,81.84125327197,91.841252186883
17.179698065585,26.179696681682,35.179697904262,44.179698788221,53.179700060379,62.179695586849,71.17969661533,80.179697643811,89.17969944869,98.179694108027
-33.943589823778,-23.943588373455,-13.943588001638,-3.943590112294,6.0564113380289,16.05641028098,26.056411179602,36.056408015338,46.056412950867,56.056411893818,66.056411814605
9.3930412537818,19.393040173073,29.393034261457,39.393033180748,49.393030502821,59.393029422113,69.393026744186,79.393025663477,89.39302378416,99.393014816161,109.39301315884
12.317959775,22.317956441934,32.317957543844,42.3179540213,52.3179511556,62.317951695405,72.31795223521,82.317952869755,92.317946432755
9.5103471828358,3.5103451756995,-2.4896541691492,-8.4896531407699,-14.489655809179,-20.48965420471,-26.489652600241,-32.489654081529,-38.489652512002,-44.489655110527,-50.489654693179
-38.37913070087,-48.379130830903,-58.379131955817,-68.379132586948,-78.37913475414,-88.379137170052,-98.379137925544,-108.37914275535,-118.37913830997
-13.990372207197,-23.990371304504,-33.990371056477,-43.990372773324,-53.990373340631,-63.990373914812,-73.990372353578,-83.990372436758,-93.990371857524,-103.99037325004,-113.99037202389,-123.99037144465
11.259125384786,1.2591243189889,-8.7408765966575,-18.740876977771,-28.740880712071,-38.740881285752,-48.740882158981,-58.740882540095,-68.740882921209
3.5087414130865,13.50874120079,23.508739305394,33.508740098491,43.508738455122,53.508738689679,63.508737901166,73.508738878111,83.508735896225
20.397197589524,30.397199259761,40.397199915964,50.397203052146,60.397203708348,70.397206844531,80.39720907689,90.397213116895,100.39720812345,110.3972144293
23.702762886829,33.702766996369,43.702769141563,53.702774480936,63.702776626131,73.702783070076,83.702788779509,93.702787915555,103.70279334744,113.70279889498
20.733943035566,10.733944528125,0.73394579531089,-9.2660549926464,-19.266052551004,-29.26605214432,-39.266051914799,-49.266049619963,-59.266051572207,-69.26604662483,-79.266048430266
-23.590564299033,-23.590564299033,-33.590563946713,-43.590563771936,-53.590562512096,-63.590565145365,-73.590564595697,-83.590564795811,-93.590566679297,-103.59056369647,-113.59056348906,-123.59056334692,-133.5905631395
14.941207271696,24.941205448763,34.941207181904,44.94120651413,54.941204691197,64.941207350678,74.941206641558,84.941209100824,94.941206364294,104.94120556937,114.94121005604
-15.457343598334,-5.4573429099126,4.5426559823842,14.542657292274,24.542657145303,34.542656839531,44.542658443424,54.542657402643,64.542656386819,74.542659141769,84.542659569649,94.542702508632
-0.1838441154442,-20.18384463572,-30.183846201434,-30.183846201434,-40.183847767148,-40.183847767148,-50.183849588292,-60.18385036829,-60.18385036829,-70.183847762559,-80.183848788276,-90.183850874563,-100.18385296085,-110.18385504714
17.261512173015,27.261509043929,37.261507757168,47.261501788082,57.261496976951,67.261496898647,77.261491508539,87.261491430235,97.261488368709,107.26148312335
75.270132138251,85.27013749279,95.270137826629,105.27014607308,115.27015107886,125.27015678215,135.2701593104,145.27016253615,155.2701657619,165.27017324523,175.27017577347
25.272632699772,35.272635288134,45.272637700883,55.272638059547,65.272643260439,75.272643619104,85.272644243526,95.272648912902,105.27264860072,115.27265526973
9.1935463331196,19.21354740817,29.233546913903,39.253549391616,49.273548812216,59.29355168528,69.313551710449,79.333556826837,89.353556665876,99.373556334649
8.7640008877577,18.764001089703,28.764001603922,38.764000790572,38.764000790572,48.764001383268,48.764001383268,58.764001194464,68.76400100566,78.763999567765,78.763999567765,88.764000628051,98.763999190156
-20.77750415732,-30.777503735337,-40.777504959315,-50.77750483537,-60.777503806678,-70.777502777986,-80.777501898312,-90.777507333473,-100.7775064538,-110.77750557413,-120.7775035023,-130.77750381478,-140.77750174296
24.021494280368,34.021492256296,44.021493213527,54.021492937329,64.021490509472,74.021494448007,84.021493969917,94.021491920608,104.02149568249,114.02149365841
26.261445086303,36.261441900894,46.261438556746,56.261438441591,66.261437414956,76.2614321766,86.26143254962,96.261430969941,106.26143049635
-14.687724025406,-4.6877273493213,5.3122708730712,15.312271511348,25.312268284523,35.312266412729,45.312265695976,55.312263340847,65.312259846493
38.538519726378,28.518519323725,18.498517478372,8.4785182209317,-1.5414841957964,-11.561485606718,-21.581487017641,-31.601486136494,-41.621487043692,-51.641488703192,-61.661490114114
-3.126578702922,6.8734199080137,16.87342030972,26.873421804355,36.873420470559,46.873418334453,56.873422315669,66.873420230794,76.873418896999,86.873415958582,96.873419444565,106.87341865723
-7.8020000287452,5.9480034965113,19.698005018251,-7.8019857426667,2.1980152607858,12.198018267755,22.1980213786,32.198024251679,42.198021659966,52.198027880249,62.198031553963,72.198030516969
