-11.1664743,-21.18647427,-31.20647406,-41.22647384,-51.24647416,-61.26647307,-71.28647409,-71.28651636,-81.30651673,-91.32651846,-101.346516,-101.3464867,-111.366487,-111.3664931,-111.366487,-71.28651636,,,,,,
-3.521755459,-13.5417554,-23.56175545,-33.58175464,-43.60175527,-53.62175538,-63.64175718,-73.66175362,-73.66176545,-83.68176857,-93.70176666,,,,,,,,,,,
28.94978809,38.94978755,48.9497868,58.94978862,68.94978773,78.94978665,88.94978609,98.94979068,,,,,,,,,,,,,,
-2.858303883,7.141694175,17.14169706,27.14169511,37.14169677,47.14169483,57.14169391,67.14169475,77.14169447,87.14169015,,,,,,,,,,,,
-22.32121755,-22.32121755,-32.32122247,-42.32122731,-52.32123147,-62.32123538,-72.32124252,-82.32124643,-92.3212503,-102.3212542,-112.32126,,,,,,,,,,,
29.14949,39.149487,49.149487,59.149483,69.14948,79.149475,89.14948,99.149475,109.149475,119.14947,129.14948,139.14946,149.14946,,,,,,,,,
18.78540739,28.78540362,38.78539966,48.78539874,58.78539087,68.78538908,78.78538892,88.78538192,98.78537937,108.785379,118.7853724,,,,,,,,,,,
65.45252516,75.45252763,85.45252726,95.45252809,105.4525295,115.4525329,125.4525343,135.4525377,145.4525394,155.4525405,165.452536,175.4525422,,,,,,,,,,
-19.399462,-29.399462,-39.399456,-49.399452,-59.399452,-69.39945,-79.399445,-89.39944,-99.39944,-109.39944,-119.39943,,,,,,,,,,,
15.41551778,25.41551333,35.41550708,45.41550365,55.41550021,65.41549166,75.41548891,85.41548454,95.41548189,105.415472,,,,,,,,,,,,
16.47539818,16.4753967,26.47539688,46.475398,56.47539832,66.47539864,76.47539855,86.47539928,96.47539946,96.47539946,,,,,,,,,,,,
-30.63814549,-20.6381465,-10.63814776,-0.638146663,9.361850902,19.36185177,29.36185103,39.36185267,49.36185012,,,,,,,,,,,,,
1.340952375,11.34095416,21.3409597,31.34096398,41.34096506,51.34096684,61.34097379,71.34097542,81.3409772,,,,,,,,,,,,,
48.047832,58.047832,68.04784,78.04784,88.04784,98.04783,108.04784,118.04784,128.04784,138.04784,148.04784,,,,,,,,,,,
15.80114901,25.80114367,35.80113873,45.80113379,55.80112856,65.80112057,75.80111776,85.80111068,95.801108,105.8010995,115.8010976,,,,,,,,,,,
6.973371064,-3.026624213,-13.02661967,-23.02661605,-33.02661178,-43.02660692,-53.02660206,-63.02659718,-73.02659417,-83.02658682,-93.02658075,,,,,,,,,,,
-6.560969893,3.439030163,13.43903068,23.43903044,33.43903095,43.43902812,53.43903196,63.43902899,73.43903296,83.43902883,93.43902703,,,,,,,,,,,
48.75137964,38.75137923,28.75137698,18.75137713,8.751377155,-1.248622944,-11.24862461,-21.24862433,-31.24862439,-41.24862452,-51.24862448,,,,,,,,,,,
27.96104428,37.96104307,47.96104213,57.96103798,67.96103411,77.96103611,87.96103169,97.96102726,107.9610291,117.9610246,,,,,,,,,,,,
6.039335754,-3.960664004,-13.96066595,-23.9606646,-33.96066546,-43.9606641,-53.96066274,-63.9606658,-73.96066859,-83.96066047,-93.96066119,,,,,,,,,,,
-19.81932096,-9.819315522,0.180690038,10.18069549,20.18070057,30.18070599,40.18071151,50.18071754,60.18072235,70.18072908,80.18073439,,,,,,,,,,,
-28.33331945,-18.33332005,-8.333318841,1.666645203,11.66664641,21.66664493,31.66664558,41.66664438,51.66664557,-28.73995043,-28.73995043,-28.73995043,,,,,,,,,,
8.467555187,18.46755516,28.4675554,38.46755473,48.46755497,58.46755503,68.46755621,78.46755246,88.46755354,98.46755286,108.467554,,,,,,,,,,,
29.24152792,21.24152587,13.24152414,5.241521761,-2.758480635,-10.75848237,-18.7584841,-26.75848851,-34.75848756,-42.75849198,,,,,,,,,,,,
37.13637713,27.13637937,17.13637969,7.136379477,-2.863618285,-12.8636185,-22.86361871,-32.86362093,-42.86361791,,,,,,,,,,,,,
51.55053682,61.55053773,71.55053764,81.55053562,91.55053781,101.55054,111.5505339,121.550533,131.5505375,141.5506991,151.5507032,,,,,,,,,,,
35.57857801,45.57857585,55.57856677,65.578564,75.57856078,85.5785586,95.57854939,105.5782965,115.5782975,125.5783,135.5783022,,,,,,,,,,,
7.860736864,17.8607366,27.86073202,37.86072977,47.86072767,57.86072859,67.86072515,77.86072607,87.86072131,97.86071691,,,,,,,,,,,,
-48.32399851,-40.34399835,-32.3639979,-24.38399758,-16.40399786,-8.423997702,-0.443997541,7.536002621,15.51600438,,,,,,,,,,,,,
7.498641314,17.49864143,27.49864356,37.49864616,47.49864628,57.4986464,67.4986508,77.49865172,87.49865077,97.49865681,107.498656,,,,,,,,,,,
41.91545347,31.91545183,21.91545154,11.91545146,1.9154502,-8.084550366,-18.08454814,-28.08455264,,,,,,,,,,,,,,
6.554712021,16.55471133,26.5547115,36.55471093,46.55471054,56.55471184,66.55471145,76.55471346,86.55471068,96.55471311,106.5547103,,,,,,,,,,,
3.663748017,13.66374437,23.66374079,33.66373685,43.6637332,53.66373206,63.66372931,73.66372376,83.66371981,93.66372148,,,,,,,,,,,,
18.8622745,8.862280532,-1.137716716,-11.13771308,-21.13771032,-31.13770432,-41.13770198,-51.13769669,-61.13769506,-71.13768799,,,,,,,,,,,,
-9.139677451,-19.15967758,-29.17967777,-39.19967728,-49.21967702,-59.23967629,-69.25967716,-79.2796778,-89.29967914,-99.31967478,,,,,,,,,,,,
21.14247126,31.16247635,41.18248009,51.2024812,61.22248684,71.24248726,81.2624934,91.28249329,101.3025,111.3225056,121.3425049,,,,,,,,,,,
-4.816650521,-14.81665241,-24.81665146,-34.81665113,-44.81665068,-54.81665268,-64.81665112,-74.81665208,-84.81665156,-94.81665036,-104.8166523,-54.81657844,,,,,,,,,,
22.73720475,32.7372082,42.73721165,52.73721235,62.73721883,72.73721865,82.73722023,92.73722611,102.7372271,112.7372287,12.73719099,,,,,,,,,,,
-52.07865915,-44.09865785,-36.11865709,-28.13865848,-20.1586574,-12.17865854,-4.19865741,3.781339814,11.76134142,19.74134194,27.72134143,,,,,,,,,,,
-38.36918591,-48.3891839,-58.40918077,-68.42918004,-78.44917735,-88.46917545,-98.48917275,-108.5091701,-118.5291671,-128.5491666,-138.5691617,,,,,,,,,,,
11.19312324,21.19312374,21.19313909,31.19313985,41.19313747,51.19314087,61.19313891,71.19313671,81.19315582,81.19305244,91.19305006,101.1928807,,,,,,,,,,
-7.831280091,2.168720264,12.16871893,22.16871873,32.16872089,42.16872206,52.16871948,62.16872164,,,,,,,,,,,,,,
-41.68570192,-51.70570279,-61.72570662,-71.74570645,-81.76571012,-91.78570852,-101.8057125,-111.8257152,-121.8457152,-131.8657192,,,,,,,,,,,,
-10.41214417,-20.41214445,-30.41214326,-40.41214595,-50.41214538,-60.41214465,-70.41214308,-80.41214364,-90.41214561,-100.4121425,-110.4121445,,,,,,,,,,,
-29.11004237,-19.11004377,-9.11004394,0.889953708,10.88995353,20.88995074,30.88995057,40.88994691,50.88995051,60.88994679,,,,,,,,,,,,
21.37357662,11.37357824,1.37357742,-8.626419226,-18.6264158,-28.6264159,-38.6264168,-48.62641586,-58.62641152,-68.62640895,,,,,,,,,,,,
-29.04360534,-39.04360555,-49.04360327,-59.04360464,-69.043606,-79.04360494,-89.04360657,-99.04360442,-109.0436039,-119.043606,-129.0436063,,,,,,,,,,,
33.53111794,43.53111979,53.53112163,63.53112102,73.53112338,83.53112282,93.53112226,103.531129,113.5311284,,,,,,,,,,,,,
-37.26208077,-47.26208156,-57.26208291,-67.262083,-77.26208806,-87.26208941,-97.26209075,-87.26208941,-107.262091,-117.2620909,-127.2620937,-137.2620936,-97.26189306,,,,,,,,,
9.877758083,19.87775694,29.87775683,39.87775795,49.87775735,59.87775771,69.87775488,79.87775792,89.87775493,99.87775797,109.8777547,119.8777578,129.8777553,,,,,,,,,
25.95356702,35.95356744,45.95356548,55.95356786,65.95356595,75.95356833,85.95356313,95.95356542,105.9535669,115.9535685,125.9535647,135.9536206,,,,,,,,,,
4.54246732,-5.457531167,-15.45753057,-25.45753244,-35.45753053,-45.45753124,-55.45753036,-65.45753423,-75.45753152,-85.45753182,-95.45752886,,,,,,,,,,,
-16.19820091,-6.198200888,3.801797292,13.80179854,23.8017993,33.80179951,43.80179705,53.80179765,63.80179927,,,,,,,,,,,,,
-21.68370947,-11.68370898,-1.68370846,8.316291879,18.31629087,28.31629155,38.3162919,48.31629289,58.31628938,68.31629332,78.31629073,,,,,,,,,,,
47.51639065,57.51639163,67.51639009,77.51638786,87.51638646,97.5163893,107.5163876,117.5163853,127.5163848,137.5163825,147.5163803,,,,,,,,,,,
17.09305016,27.09304656,37.09304493,47.09303766,57.09303653,67.09303522,77.09302795,87.0930267,97.09301962,107.0930174,,,,,,,,,,,,
-8.887372604,1.11263224,11.11263708,21.11264202,31.11264705,41.11264939,51.11265731,61.11265888,71.11266584,81.11266818,91.11267606,,,,,,,,,,,
-1.127133474,-11.1271322,-21.12713129,-31.12713182,-41.1271289,-51.12713035,-61.12713123,-71.12712818,-81.1271301,-91.12712925,-101.1271268,,,,,,,,,,,
19.70716886,29.70717112,39.70717025,49.70716953,59.70716873,69.70716798,79.70716697,89.70716688,99.70716533,109.7071638,,,,,,,,,,,,
36.98113979,26.9811418,16.98114137,6.981143316,-3.018861594,-13.018923,-23.01892303,-33.0189269,-43.01893025,-53.01892917,-63.0189344,-73.01893775,-83.01870666,,,,,,,,,
4.099664546,14.0996648,24.09966421,34.09966541,44.09966405,54.09966528,64.09966638,74.09966397,84.09966155,94.09966643,104.0996643,,,,,,,,,,,
12.93982606,2.939824681,-7.060175182,-17.06017533,-27.06017414,-37.06017473,-47.06017564,-57.06017476,-67.06017358,-77.06017301,-87.06017655,,,,,,,,,,,
42.83136402,52.83136394,62.83136386,72.83136377,82.83136369,92.83136361,102.8313635,112.8313634,122.8313634,132.8313612,142.8313632,,,,,,,,,,,
17.39374491,27.39374452,37.39374501,47.39374558,57.39374615,67.39374345,77.39374354,87.3937439,97.3937442,107.3937443,117.3937449,,,,,,,,,,,
42.29254349,52.29254133,42.29254177,52.29254242,62.29254007,72.29254072,82.29254137,92.29254144,92.29256557,102.2925656,112.2925657,122.2925681,132.2925628,142.2925628,,,,,,,,
41.81160309,36.81160013,31.81160212,26.8116013,21.8116007,16.81160049,11.81160027,6.811601351,1.811601134,-3.188399083,,,,,,,,,,,,
47.97876116,57.97875821,67.97876159,77.97875864,87.97876066,97.978757,107.9787595,117.978758,127.978759,137.978757,147.978752,,,,,,,,,,,
-1.347296252,-11.34729929,-21.34730224,-31.34730718,-41.3473097,-51.34731265,-61.34731379,-71.34732194,-81.34732325,-91.34732757,-101.3473315,,,,,,,,,,,
23.09922987,33.09922946,43.09923047,53.09922695,63.09922941,73.09923199,83.09922744,93.09922985,103.0992319,113.0992274,123.0992235,,,,,,,,,,,
-7.773697464,2.226306367,12.22630744,22.2263095,32.22631086,42.22631182,52.22631333,62.22631993,72.22632212,82.22632347,92.22632499,,,,,,,,,,,
-15.29122306,-5.291223111,4.708779845,14.70878058,24.70878354,34.708787,44.70878365,54.70878786,64.70879043,74.70879307,84.70879123,,,,,,,,,,,
39.68701792,49.70701287,59.72701161,69.74700701,79.7670053,89.78700273,99.80699696,109.8269944,119.8469918,129.8669927,139.8869843,,,,,,,,,,,
31.36947068,41.36946801,51.36946568,61.3694579,71.36945529,81.36945322,91.36944517,101.3694426,111.3694343,121.3694332,,,,,,,,,,,,
-25.59579472,-15.59579251,-5.595791349,4.404212205,14.40421381,24.40421791,34.40421877,44.40421963,54.40422289,64.40422614,,,,,,,,,,,,
-27.770395,-37.770397,-47.7704,-57.7704,-67.77041,-77.77041,-87.77042,-97.77042,-107.77042,-117.77042,,,,,,,,,,,,
-18.13628038,-28.13628116,-38.13628012,-48.1362812,-58.13627998,-68.13628169,-78.13627998,-88.13628051,-98.13628089,-108.1362794,-118.1362796,,,,,,,,,,,
-3.841634324,6.158366322,16.15836693,26.15836729,36.15836816,46.15837047,56.15836888,66.15837221,76.15837061,86.15837407,96.15837031,,,,,,,,,,,
41.55859351,51.5585942,61.55859192,71.55859241,81.55859007,91.55859325,101.5585914,111.5585937,121.5585939,131.5585901,141.5585953,,,,,,,,,,,
-16.35113395,-6.351134689,3.648865279,13.64886519,23.64886601,33.64886508,43.6488658,53.64886692,63.64886392,73.64886504,83.64886205,93.64886567,,,,,,,,,,
-14.38780076,-4.367802178,5.652195761,15.67219581,25.69219267,35.71219297,45.73219301,55.75219436,65.7721878,,,,,,,,,,,,,
11.70912866,21.70913311,31.70913631,41.70914076,51.70914686,61.70914876,71.70915642,81.70915923,91.70916137,101.7091666,61.70906604,31.70916971,,,,,,,,,,
50.68960853,60.68961068,70.68961475,80.68962007,90.68962227,100.6896295,110.6896317,120.6896356,130.6896378,140.68964,150.6896422,,,,,,,,,,,
37.70156488,47.701564,57.70156036,67.70155659,77.70155331,87.70154954,97.70154578,107.701543,117.7015446,127.701539,137.7015371,68.59777959,,,,,,,,,,
-3.162239842,-13.16223779,-23.16223979,-33.16223809,-43.1622397,-53.16223909,-63.16223822,-73.16223933,-83.16223896,-93.16224066,-103.1622371,,,,,,,,,,,
-13.16338459,-3.163383386,6.836617814,16.83661901,26.83662021,36.83662587,46.83662476,56.83662828,66.83662716,,,,,,,,,,,,,
4.372889958,14.37289001,24.37288747,34.37288819,44.37288567,54.37288313,64.37288594,74.37288267,84.37287975,94.37288248,104.3728735,,,,,,,,,,,
-40.00055366,-30.00055244,-20.00055248,-10.00055265,-0.000552682,9.999447284,19.99944725,29.99944508,39.99944753,49.99944843,59.99944537,,,,,,,,,,,
-15.71113543,-5.711135562,4.288863583,14.28886345,24.28886333,34.2888645,44.28886111,54.28886292,64.28885997,74.2888594,,,,,,,,,,,,
-61.81721695,-20.91193111,-30.91193238,-40.91193271,-50.91193238,-40.91193271,-60.9119327,-70.91193018,-80.91193138,-90.91193546,-100.9119322,,,,,,,,,,,
-36.81643874,-46.81643532,-56.81643286,-66.81643042,-76.81642792,-86.8164242,-96.81642237,-106.816418,-116.8164162,,,,,,,,,,,,,
13.5288071,23.5288034,33.52880153,43.52879343,53.52879083,63.52878355,63.52878355,73.52878168,83.52877982,93.52877212,,,,,,,,,,,,
-0.637435591,-10.63743599,-20.63743858,-30.63743968,-40.63744183,-50.63744472,-60.63744747,-70.63744565,-80.63744687,,,,,,,,,,,,,
-14.31766029,-24.31765817,-34.31765394,-44.31764916,-54.31764532,-64.3176414,-74.31763967,-84.31763363,-94.31762875,,,,,,,,,,,,,
3.395337023,-6.604667322,-16.60466936,-26.60467265,-36.60467772,-46.60468054,-56.60468503,-66.60468769,-76.60469247,-86.60469451,,,,,,,,,,,,
-5.237684222,4.762315822,14.76231595,24.76231462,34.76231532,44.76231616,54.76231541,64.76231496,74.76231696,84.76231831,94.7623125,,,,,,,,,,,
-8.630143199,1.369858736,11.36985825,21.36985718,31.36985833,41.36986013,51.36985867,61.36986008,71.36985849,81.3698569,,,,,,,,,,,,
15.94645505,25.94645117,35.94644735,45.94644588,55.94644474,65.94643966,65.94643901,15.94643236,25.94642854,35.94642692,45.94642557,55.94641883,65.94641714,75.94641583,85.94640925,95.94640666,105.9464054,115.9463993,,,,
23.10898424,33.1089841,43.10898367,53.10898339,63.10898662,73.10898371,83.10898581,93.10898493,103.1089819,113.1089839,123.1089832,,,,,,,,,,,
28.00845726,18.00845785,8.00845661,-1.991545578,-11.99154455,-21.99154533,-31.99154659,-41.99154601,-51.99154359,,,,,,,,,,,,,
39.63854816,49.63854845,49.63855896,59.63855925,69.63855548,79.63855892,89.63855788,99.63855964,109.6385586,119.6385599,129.6385574,139.6385605,149.6385598,159.6385611,,,,,,,,
20.19203331,30.19203686,40.19204041,50.19204395,60.19204455,70.19204488,80.19205199,90.19205217,100.1920589,,,,,,,,,,,,,
-3.945096597,-13.9450954,-23.94509523,-33.94509178,-43.94509217,-53.94508985,-63.94508719,-73.94508702,-83.94508657,-93.94508861,-103.9450819,,,,,,,,,,,
6.698493357,16.69848786,26.69848223,36.69847733,46.69847223,56.69846713,66.69846129,76.69846105,86.69845487,96.69845066,,,,,,,,,,,,
25.48651262,35.48651108,45.4865117,55.48651038,65.486511,75.48650937,85.4865118,95.48650925,,,,,,,,,,,,,,
-25.10401606,-19.10401574,-13.10401416,-7.104016851,-1.10401519,4.895985291,10.89598204,16.89598488,22.89598381,,,,,,,,,,,,,
1.858588064,11.85858493,21.85858003,31.85857717,41.85857487,51.85857244,61.85856466,71.85856222,81.85855992,,,,,,,,,,,,,
47.16362651,57.16362824,67.16362398,77.16362565,87.16362116,97.16361714,107.1636245,117.1636214,127.1636155,137.1636115,147.1636072,,,,,,,,,,,
-23.61528666,-15.63528731,-7.655287521,0.324711864,8.304712344,16.28471274,24.26471278,32.24471144,40.22471148,48.20471424,56.18471289,,,,,,,,,,,
11.846191,21.846193,31.846193,41.846195,51.846195,61.8462,71.8462,81.8462,91.84621,101.84621,111.84621,121.84621,,,,,,,,,,
33.47784948,43.49784478,53.51784243,63.53783825,73.55783766,83.57783139,93.59782795,103.6178274,113.6378196,123.6578148,,,,,,,,,,,,
6.625804025,16.62579867,16.62579867,26.62579171,36.62578476,46.62577966,56.62577315,66.62576563,76.625759,86.62575224,,,,,,,,,,,,
60.53988925,70.53988975,80.53988969,90.53988987,100.5398907,110.5398906,120.5398857,130.5398916,140.5398909,,,,,,,,,,,,,
71.1047402,81.10473892,91.10473937,101.1047404,111.1047385,121.1047379,131.1047406,141.1047387,151.1047381,161.1047409,,,,,,,,,,,,
22.48961476,12.48961446,2.489613883,-7.510387132,-17.51038815,-27.51038916,-37.51039018,-47.51039119,-57.51038935,-67.51039322,,,,,,,,,,,,
-21.81420796,-31.83420938,-41.85421271,-51.87421414,-61.89421569,-71.9142173,-81.93421891,-91.95421974,-101.9742192,-111.9942222,-122.0142225,,,,,,,,,,,
57.51895253,67.51895934,77.51895996,87.51896058,97.51896117,107.5189615,117.5189686,127.5189627,137.5189762,47.51895203,47.51895203,,,,,,,,,,,
23.94049634,23.94049634,33.94049723,43.94050167,53.94050294,63.94051015,73.94051132,83.94051225,93.94051971,103.9408645,103.9405206,113.9405216,123.9401727,103.9401226,,,,,,,,
4.486561849,-5.513437213,-15.51343628,-25.51343584,-35.51343986,-45.51343965,-55.51343652,-65.51343693,-55.51339149,-65.5133919,-75.51339817,-85.51340573,-95.51340907,,,,,,,,,
62.097984,72.11798654,82.13798427,92.15798736,102.1779853,112.197983,122.217986,132.2379845,142.2579871,152.2779896,162.2979861,,,,,,,,,,,
-10.40461862,-18.38462005,-26.36461985,-34.34461966,-42.32462036,-50.3046197,-58.28462092,-66.26462011,-74.24461936,-82.22462057,-90.20461694,,,,,,,,,,,
-45.19582214,-55.19582431,-65.19582424,-75.19582322,-85.19582002,-95.19582267,-105.1958251,-115.1958218,-125.1958232,-135.1958222,-145.1958232,,,,,,,,,,,
7.25956934,17.25956792,27.25956928,37.25956817,47.25956908,57.25956771,67.25956635,77.25957031,87.25957023,97.25956757,,,,,,,,,,,,
0.953850246,10.9538545,20.95386117,30.95386684,40.9538723,50.95387842,60.95388185,70.95388716,80.95389315,90.95389952,,,,,,,,,,,,
12.74058121,22.74058069,32.74057896,42.74058041,52.74057989,62.74058035,72.74057983,82.74058051,92.74058051,102.7405808,112.7405806,122.7405809,132.7405806,,,,,,,,,
2.517437052,-7.48256417,-17.48256386,-27.48256384,-37.48256255,-47.48256194,-57.48256518,-67.48256644,-77.48256535,-87.48256059,-97.48256186,,,,,,,,,,,
14.29573692,24.29573318,34.29573368,44.29573068,54.29572782,64.29572427,74.29572733,84.29572474,94.29572051,104.2957182,,,,,,,,,,,,
3.918319256,13.91832338,23.91832732,33.91833002,43.91833272,53.91833542,63.91833892,73.91833741,83.91834024,93.91834306,,,,,,,,,,,,
-39.08008942,-31.10008976,-23.12008988,-15.14008999,-7.160089145,0.819910823,8.799910159,16.77991013,24.75991009,32.73991057,40.71991105,,,,,,,,,,,
3.968084965,-6.031915224,-16.03191525,-26.03191467,-36.03191422,-46.031914,-56.03191348,-66.03191624,-76.03191245,-86.03191637,-96.03191258,,,,,,,,,,,
3.481109982,13.48110958,23.48110917,33.48110889,43.48110997,53.48111118,63.48110923,73.48110763,83.48110073,93.48110121,103.4810962,,,,,,,,,,,
28.37142207,38.39141978,48.41141744,58.43141505,68.4514131,78.47141043,88.49140808,98.51140665,108.5314025,118.5514002,,,,,,,,,,,,
31.51427857,21.51427002,11.51426344,1.514254895,-8.485750168,-18.48575953,-28.48576512,-38.48577313,-48.48578042,-58.48579115,-68.48579762,,,,,,,,,,,
1.482106402,11.48210491,21.48210065,31.48209782,41.48209674,51.48209467,61.48209126,71.48209053,81.48208456,91.48208394,,,,,,,,,,,,
8.642431811,18.64243454,28.64244272,38.64244545,48.64245322,58.64245527,68.64246372,78.64246563,88.64247422,98.64247612,108.6424898,118.6424855,128.6424952,,,,,,,,,
30.86900102,40.86900059,50.86900206,60.86899972,70.86900115,80.86900266,90.86900032,100.868998,110.8690032,120.8690007,130.8689983,,,,,,,,,,,
-21.13412508,-11.13412875,-1.134130654,8.865867631,18.86586496,28.86586325,38.86586105,48.86586192,58.86585685,68.8658569,,,,,,,,,,,,
-49.28515595,-39.26515565,-29.245154,-19.22515091,-9.205151861,0.814851463,10.83485378,20.85485516,30.87485584,,,,,,,,,,,,,
12.46857936,22.46857999,32.46857905,42.46857812,52.46858077,62.46857964,72.46857871,82.46857777,92.46857684,102.468582,112.4685811,,,,,,,,,,,
-30.53742393,-22.55742531,-14.57742692,-6.597426576,1.382571725,9.362571989,17.34257225,25.3225699,33.30257016,41.28256912,49.2625706,,,,,,,,,,,
42.03167089,52.03167201,62.03167354,72.03167482,82.03166934,92.03167085,102.031672,112.0316737,122.031675,132.031676,,,,,,,,,,,,
5.337670889,-4.66233368,-14.6623392,-24.66234609,-34.66235066,-44.66235579,-54.662361,-64.66236509,-74.66236917,-84.66237613,-94.66237897,,,,,,,,,,,
32.09047789,42.09047288,52.09047092,62.09046918,72.09046758,82.09046533,92.09046308,102.0904608,112.0904586,122.0904563,,,,,,,,,,,,
8.159470488,-0.640529705,-9.440532184,-18.24053282,-27.04053456,-35.8405352,-44.64053804,-53.44053983,-62.24053947,,,,,,,,,,,,,
47.11384503,57.11384596,67.11384408,77.11384447,87.11384601,97.11384632,107.1138472,117.113847,127.1138491,137.1138446,,,,,,,,,,,,
10.95929805,20.95929562,30.95929562,40.95929236,50.95929196,60.95929192,70.95928718,80.95928574,90.95928552,100.9592873,110.9592814,,,,,,,,,,,
4.266803157,14.26680453,24.266806,34.26680754,44.26681158,54.26681305,64.26681715,74.26681575,84.2668201,94.26681757,,,,,,,,,,,,
-2.891019415,-12.9110225,-22.93102508,-32.9510285,-2.891086723,-12.9110894,-22.93109151,-32.95109508,-42.97109768,-52.99110077,-63.01110151,-73.03110593,-83.05110901,-93.07110975,-103.0911105,,,,,,,
60.19120279,52.21120086,44.23120229,36.25120231,28.27120108,20.29120216,12.31120097,4.331201972,-3.648797656,-11.62879878,-19.60879832,,,,,,,,,,,
9.686652993,-0.313348344,-10.31334844,-20.31335197,-30.31335117,-40.31335427,-50.31335752,-60.31335589,-70.31335936,-80.31335832,,,,,,,,,,,,
-21.32601544,-11.30601516,-1.285980703,8.734018524,18.75401977,28.77401947,38.79401925,48.81401899,58.83401907,,,,,,,,,,,,,
-4.492086,-14.4920845,-24.49208,-34.49208,-44.492077,-54.492077,-64.49207,-74.49207,-84.49207,-94.492065,,,,,,,,,,,,
20.28637457,30.28637481,40.28637719,50.28637743,60.28637994,70.28638448,80.28638232,90.28638442,100.2863871,,,,,,,,,,,,,
1.550254833,-8.449744789,-18.44974884,-28.44975061,-38.44975238,-48.44975589,-58.44975562,-68.44975948,-78.44975888,-88.44976064,-98.44976214,,,,,,,,,,,
-4.542496509,5.457503538,15.45750405,25.45750453,35.45750327,45.4575055,55.45750426,65.45750645,75.45750166,85.4575038,95.45750585,,,,,,,,,,,
-28.11149316,-18.1114911,-8.111488879,1.888507759,11.88850804,21.88850661,31.88850883,41.88851021,51.88851049,61.88851078,71.88850763,,,,,,,,,,,
13.77077494,3.770769065,-6.229235562,-16.22924106,-26.22924781,-36.22924845,-46.2292537,-56.22925895,-66.2292642,-76.22927008,-86.22927471,,,,,,,,,,,
43.46809501,33.46809431,23.46809179,13.46808953,3.468088039,-6.53191605,-16.53191754,-26.53192057,-36.53192051,-46.53192354,,,,,,,,,,,,
-10.59809725,-0.598096197,9.401902166,19.40189968,29.40189963,39.40189861,49.40189953,59.40189552,69.40189192,,,,,,,,,,,,,
-39.76511299,-49.76510943,-59.76510587,-69.76510188,-79.76509307,-89.76508908,-99.76508509,-109.7650811,-119.765072,-129.7650712,-139.7650646,,,,,,,,,,,
22.66841865,32.66841722,42.66842063,52.66842128,62.66842171,72.66842213,82.66842221,92.66841828,102.6684195,12.66841803,,,,,,,,,,,,
33.00911564,43.00911641,53.00911628,63.00911651,73.00911458,83.00911479,93.00911503,103.0091155,113.0091152,,,,,,,,,,,,,
9.530957528,-0.46904189,-10.46904459,-20.46904163,-30.46904297,-40.46904237,-50.46904491,-60.46904398,-70.46903572,-80.4690324,-90.46903364,-100.4690306,,,,,,,,,,
20.33498837,30.33498676,40.33498526,50.33498398,60.3349826,70.33497763,80.33498001,90.33497504,100.3349763,110.3349726,120.3349747,,,,,,,,,,,
-4.773424361,-14.77342512,-24.77342597,-34.77342439,-44.77342538,-54.7734246,-64.77342381,-74.77342745,-84.77342667,-94.77342589,-104.773424,-114.7734232,-124.7734224,,,,,,,,,
-35.92401497,-45.92401631,-55.92401772,-65.92402401,-75.92402589,-85.92402737,-95.92402751,-105.924029,-115.9240299,-125.9240314,-135.9240405,,,,,,,,,,,
2.176133144,12.17613335,22.17613432,32.17613434,42.17613341,52.17613438,62.17613289,72.17613441,82.17613292,92.17613445,102.1761318,112.1761315,122.1761349,,,,,,,,,
11.24447992,1.244480122,-8.755522713,-18.75552164,-28.75552354,-38.75552637,-48.75552591,-58.7555272,-68.75553019,-78.75552942,,,,,,,,,,,,
23.05428218,13.05427546,3.054270701,-6.945734633,-16.94574135,-26.94574668,-36.94575206,-46.94575939,-56.94576672,,,,,,,,,,,,,
17.29011385,27.29011153,37.29010925,47.29010704,57.29010771,67.29010492,77.29010278,87.29010099,97.2900982,107.2900954,,,,,,,,,,,,
23.07835495,33.07835475,43.07835441,53.07835524,63.07835398,73.07835442,83.0783535,93.07835381,103.0783548,113.0783519,123.0783557,,,,,,,,,,,
64.35691211,54.3569098,44.35691176,34.35690945,24.35691197,14.35690917,4.356909764,-5.643088204,-15.64308859,-25.64308702,-35.64308861,,,,,,,,,,,
31.01466963,39.41466571,47.81466128,56.21466033,64.614656,73.01465501,81.41464739,89.81464647,98.21464555,106.6146382,,,,,,,,,,,,
24.44825412,14.44825256,4.448253064,-5.551748861,-15.55175078,-25.55175483,-35.55175239,-45.55175473,-55.55175889,-65.55175672,,,,,,,,,,,,
26.84544464,36.84544925,46.84544894,56.84545622,66.84545668,76.84545704,86.84545713,96.84546445,106.8454647,116.845465,126.8454655,136.8454724,,,,,,,,,,
-2.3281703,-12.328174,-22.328176,-32.32818,-42.328182,-52.328182,-62.328186,-72.328186,-82.32819,-92.32819,,,,,,,,,,,,
-17.53141501,-7.531414604,2.468585109,12.46858544,22.46858496,32.46858601,42.46858563,52.46858493,62.46858424,,,,,,,,,,,,,
8.5372379,18.53723869,28.53723744,38.53723857,48.53723775,58.53723938,68.53723834,78.53723963,88.53723865,,,,,,,,,,,,,
22.69210157,32.69210149,42.69210171,52.69210163,62.69210467,72.69210511,82.69210533,92.69210435,102.6921046,112.6921048,122.692105,,,,,,,,,,,
7.150460001,17.150462,27.150464,37.15046599,47.15046543,57.15046974,67.15046877,77.15046862,87.15047409,97.15047205,,,,,,,,,,,,
22.56088523,12.56088643,2.560887356,-7.439112235,-17.43911143,-27.43911266,-37.43911206,-47.43911165,-57.43911045,-67.43910741,,,,,,,,,,,,
29.08297811,19.0829775,9.082976879,-0.917022328,-10.91702295,-20.91702356,-30.91702728,-40.91702497,-50.91702816,-60.91702603,,,,,,,,,,,,
-63.58465898,-73.60465398,-83.62465122,-93.64464243,-103.6646409,-113.6846369,-123.7046307,-133.7246266,-143.7446226,-153.7646179,,,,,,,,,,,,
28.13482172,38.1348226,48.13482036,58.13481842,68.13481656,78.13481808,88.13481256,98.13481318,108.1348156,118.1348101,128.1348107,138.1348052,,,,,,,,,,
-17.65175159,-17.65176337,-7.651761304,2.348244265,12.34829625,22.34830511,32.34830946,42.34831127,52.34831779,62.34831967,72.34832174,,,,,,,,,,,
20.75879352,30.77879989,40.79880305,50.81880913,60.83881577,70.85881893,80.87882209,90.89882504,100.9188282,110.9388387,120.9588419,,,,,,,,,,,
3.40898716,-6.591016992,-16.59101768,-26.59102053,-36.59102505,-46.59102661,-56.59102816,-66.59103199,-76.59103581,-86.59103482,,,,,,,,,,,,
-19.64507766,-29.64507719,-39.64507708,-49.64507725,-59.64507751,-69.64507704,-79.64507671,-89.64507409,-99.64507593,-109.6450733,-119.645078,,,,,,,,,,,
-10.97344497,-0.973447495,9.026549586,19.02654597,29.02654499,39.02654023,49.02653924,59.02653867,69.02653255,79.02652988,89.0265289,,,,,,,,,,,
-39.93853967,-29.93853899,-19.93853827,-9.938537133,0.061464145,10.06146645,20.06146773,30.061469,40.06147028,50.06147156,,,,,,,,,,,,
-1.552233348,-11.55223538,-21.55223743,-31.5522387,-41.55224199,-51.55224326,-61.55224534,-71.55224977,-81.55225104,-91.55225231,-101.5522536,,,,,,,,,,,
-0.74920971,-10.74921441,-20.74922001,-30.74922471,-40.74922941,-50.74923411,-60.74923881,-70.74924163,-80.74924633,-90.74925422,,,,,,,,,,,,
-30.28008623,-20.28008818,-10.28008525,-0.280087208,9.71991114,19.71991401,29.71991474,39.71991278,49.71991351,59.71991156,69.7199118,,,,,,,,,,,
20.2295557,10.22955661,0.229556832,-9.770442723,-19.77044382,-29.77044291,-39.7704457,-49.77044352,-59.77044354,,,,,,,,,,,,,
-20.23084522,-20.23084522,-30.23084355,-30.23084355,-40.23084229,-50.23084041,-60.23083853,-70.23083687,-80.23083519,-90.23083011,-80.23083519,-100.2308283,-110.230825,-120.2308267,-120.2308267,-50.23084945,,,,,,
-5.91255293,2.067446153,10.04744705,18.02744691,26.00744728,33.98744714,41.96744727,49.94744713,57.9274462,,,,,,,,,,,,,
0.496932155,-9.503073875,-19.50308153,-19.50308153,-29.50308889,-39.50309356,-49.50310355,-59.50310822,-69.50311571,-79.50312134,-89.50312944,-99.50313507,-109.5031416,,,,,,,,,
23.87377972,33.87378363,43.87378461,53.8737856,63.87378658,73.87378784,83.87378896,93.87379008,103.8737911,113.873799,,,,,,,,,,,,
59.37982063,69.37981877,79.3798208,89.37982282,99.37982396,109.379826,119.3798286,129.3798306,139.3798326,149.3798281,159.3798307,,,,,,,,,,,
20.81954228,30.81954574,40.81954775,50.81954937,60.81955159,70.81955321,80.81955762,90.81955765,100.8195633,,,,,,,,,,,,,
3.593414778,-6.406589883,-16.40659685,-26.40660151,-36.40660706,-46.4066105,-56.40661577,-66.40662443,-76.40662925,-86.40663375,,,,,,,,,,,,
3.744445396,13.74444558,23.74444468,33.74444594,43.7444451,53.74444414,63.74444681,73.74444235,83.74444313,93.7444458,103.7444476,,,,,,,,,,,
19.36897674,28.99451491,38.99450144,48.9945034,58.99450356,68.99450674,78.99450901,88.99451128,98.99451447,108.9945167,118.994578,18.9944963,,,,,,,,,,
-5.732247072,4.267751148,14.26775466,24.26775457,34.26775411,44.2677563,54.26775335,64.26775608,,,,,,,,,,,,,,
4.921154537,-5.078843349,-15.07884285,-25.07883919,-35.07883891,-45.07883496,-55.07883439,-65.07883109,-75.07882707,-85.07882856,-95.07882312,,,,,,,,,,,
-49.78040456,-39.78040243,-29.78040376,-19.78040374,-9.780403311,0.219596654,10.21959708,20.21959563,30.21959514,40.21959556,50.21959505,,,,,,,,,,,
-30.91566791,-40.93566954,-50.95567094,-60.97567514,-70.99567685,-81.01568106,-91.03567835,-101.0556826,-111.0756868,-121.095686,-131.1156896,,,,,,,,,,,
39.58529639,31.60529531,23.62529446,15.64529801,7.665296963,-0.314704982,-8.294702735,-16.27470489,-24.2547047,-32.23470424,-40.2147046,-48.1947062,-56.17470341,,,,,,,,,
24.38252217,33.34252184,60.22252383,69.18252342,87.1025221,42.30251459,51.26249388,60.22249355,69.18249317,78.14249561,87.10249199,96.06249504,105.0224981,,,,,,,,,
-26.5376171,-36.53761771,-46.53761746,-56.53761833,-66.53761696,-76.53761895,-86.53761898,-96.53762071,-106.5376185,-116.5376197,-126.537623,,,,,,,,,,,
62.28268021,72.28268399,82.28268803,92.28269269,102.2826963,112.282701,122.2827036,132.2827082,142.2827129,152.2827175,,,,,,,,,,,,
-12.69500249,-6.695001991,-0.695001069,5.304997659,11.30499787,17.30499816,23.30499666,29.30499696,35.30499886,41.3049971,47.30499766,,,,,,,,,,,
14.08723309,4.087236216,-5.912761935,-15.91275881,-25.9127586,-35.91275319,-45.91274971,-55.91274757,-65.91274882,-75.91274588,-85.9127432,,,,,,,,,,,
-23.8194578,-13.81945817,-3.819456299,6.180543551,16.18054177,26.18054325,36.18054169,56.18054544,76.18054491,46.18051973,,,,,,,,,,,,
26.31356649,18.33356669,10.35356689,2.373565051,-5.60643471,-13.58643455,-21.56643461,-29.54643265,-37.52643276,,,,,,,,,,,,,
5.377467977,15.37746585,25.37746269,35.3774624,45.37745925,55.37745348,65.37745331,75.37745316,85.37744641,,,,,,,,,,,,,
3.766328102,13.76633203,23.76633507,33.76633601,43.76633695,53.76633988,63.76634082,73.76634228,83.76634322,,,,,,,,,,,,,
-8.408143361,-18.40813811,-28.40813607,-38.40813086,-48.40812666,-58.4081264,-68.40812119,-78.40811739,-98.40810688,-88.40809009,,,,,,,,,,,,
1.210132736,11.21013089,21.21012754,31.21012689,41.21012681,51.21012599,61.21012515,71.21012431,81.21012327,91.21012291,101.2101226,111.2101215,,,,,,,,,,
26.72362603,36.72362876,46.72363237,56.72363371,66.72364008,76.72364093,86.7236408,96.72364815,106.7236481,116.7236554,126.7236552,136.7236626,,,,,,,,,,
-36.76114736,-46.76114807,-56.761148,-66.76114886,-76.76114952,-86.76115162,-96.76114911,-106.7611517,-116.7611524,,,,,,,,,,,,,
-50.509457,-60.50945,-70.509445,-80.50944,-90.50943,-100.50942,-110.509415,-120.509415,-130.50941,-140.5094,,,,,,,,,,,,
37.36244276,31.36244254,25.36244231,19.36244209,13.36244376,7.362443167,1.362442381,-4.63755635,-10.63755694,-16.63755792,-22.63755852,-28.63755479,61.36250763,55.36250542,49.36249842,43.3624967,37.36249424,,,,,
47.17147529,57.17147635,67.1714772,77.17147814,87.17147903,97.17148009,107.1714808,117.1714819,127.1714829,,,,,,,,,,,,,
23.20787477,33.20787213,43.20787159,53.20787081,63.20786643,73.20786587,83.20786512,93.20786456,103.207864,113.2078557,93.20786456,,,,,,,,,,,
50.36204939,60.3620465,70.36204305,80.36204026,90.36203713,100.3620347,110.3620305,120.362032,130.3620309,140.3620217,150.3620229,,,,,,,,,,,
42.372276,52.372272,62.37227,72.37227,82.37227,92.37227,102.37227,112.37227,122.37226,,,,,,,,,,,,,
-22.29499781,-32.29499971,-42.29500166,-52.29500328,-62.29500645,-72.29500641,-82.29500908,-92.29501284,-102.2950128,-112.2950174,-122.2950154,,,,,,,,,,,
-15.27496179,-25.27496392,-35.27496114,-45.27496327,-55.27496095,-65.27495864,-75.27496077,-85.27495845,-95.27496058,-105.2749583,,,,,,,,,,,,
-1.89366459,8.106335161,18.10633224,28.10633228,38.10632968,48.10632869,58.10632763,68.10632569,78.10632376,88.10632182,98.10631988,,,,,,,,,,,
-0.14634349,-10.14634806,-20.14635316,-30.14635305,-40.14635695,-50.14636205,-60.14636503,-70.14636953,-80.14637433,-90.14637912,,,,,,,,,,,,
-27.8110602,-17.81106214,-7.811060484,2.188938214,12.18893893,12.18892176,22.18892043,32.18892195,32.18893359,42.18894276,42.18894173,,,,,,,,,,,
12.91237228,22.91237288,32.91237021,42.91237096,52.91236829,62.91236841,72.91236925,82.91236979,92.91237034,102.9123719,,,,,,,,,,,,
32.48757323,42.48757075,52.48756689,62.48756648,72.48756208,82.48756167,92.48755758,102.4875529,112.4875509,,,,,,,,,,,,,
59.4273272,69.42732837,79.4273261,89.42732719,99.42732492,109.427324,119.4273233,129.4273244,139.4273193,149.4273204,,,,,,,,,,,,
11.774367,21.77436724,31.77436718,41.77436821,51.77436767,61.77436767,71.7743666,81.77436613,91.7743666,101.7743696,111.7743691,,,,,,,,,,,
-7.831425232,2.168568269,12.16856252,22.16855696,32.16855214,42.1685494,52.16854101,62.16853208,72.16853016,82.16852114,,,,,,,,,,,,
-11.45424437,-1.454244887,8.545754369,18.54575312,28.54575482,38.54575524,48.5457543,58.5457552,68.54575399,78.54575518,88.54575618,98.54575769,108.5457539,,,,,,,,,
-2.528962668,-12.52896155,-22.52896127,-32.52896083,-42.52896177,-52.52896126,-62.52896132,-72.52896217,-82.52896101,-92.52896128,-102.5289622,,,,,,,,,,,
-12.35788617,30.97154424,20.97154649,10.97154476,0.971546319,-9.028454117,-19.02845278,-29.02845583,-39.02845452,-49.02843552,-59.02843288,-69.02843541,,,,,,,,,,
1.720943967,11.72094436,21.72094473,31.72094474,41.72094435,51.72094552,61.72094435,71.72094473,81.72094201,91.72094239,101.7209412,,,,,,,,,,,
8.648008629,0.668007793,-7.311990661,-15.29199347,-23.27199181,-31.25199516,-39.23199137,-47.21199301,-55.19199039,-63.17199311,-71.15199309,-23.27195916,-47.21197076,,,,,,,,,
-39.49985019,-29.49985065,-19.49984861,-9.499849762,0.500150685,10.5001504,20.50015052,30.50015006,40.50015037,50.50015055,60.50014945,,,,,,,,,,,
8.290680814,18.29068256,28.29068193,38.29068089,48.29068405,58.29067981,68.29068237,78.29068406,88.29068171,98.29068355,108.2906854,,,,,,,,,,,
22.11381099,32.11381062,42.11381159,52.113812,62.1138124,72.11381088,82.11381135,92.11381482,102.1138092,112.1138096,122.11381,,,,,,,,,,,
-65.31358683,-75.33353483,-85.35353528,-95.37353332,-105.3935312,-115.4135334,-125.4335313,-135.4535321,-145.473531,-155.4935326,,,,,,,,,,,,
-11.41065707,-1.410657342,8.589342466,18.58934213,28.58934296,38.58934324,48.58934181,58.58934271,68.58934023,78.58934355,,,,,,,,,,,,
22.11381099,32.11381062,42.11381159,52.113812,62.1138124,72.11381088,82.11381135,92.11381482,102.1138092,112.1138096,122.11381,,,,,,,,,,,
45.68671771,55.68671663,65.6867177,75.68671911,85.68671437,95.68671658,105.6867188,115.686719,125.6867142,,,,,,,,,,,,,
-26.44499959,-16.44499672,-6.444993975,3.555009377,13.55501138,23.55501643,33.55501808,43.55502067,53.55502596,63.55502492,,,,,,,,,,,,
18.86509042,28.86509107,38.86509435,48.86509812,58.86509852,68.86509953,78.8651003,88.86510709,98.86510835,,,,,,,,,,,,,
-3.168502008,6.831495372,16.83149378,26.83149071,36.8314862,36.83148595,46.83148146,56.83148201,66.8314762,76.83147647,,,,,,,,,,,,
-10.79564623,-20.79565004,-30.79565367,-40.79565506,-50.79565978,-60.79566355,-70.79566811,-80.79567298,-90.79567615,-100.7956805,,,,,,,,,,,,
-19.99357047,-29.99357285,-39.99357858,-49.99357879,-59.99358393,-69.99358473,-79.99358998,-89.99359067,-99.99359581,-109.9936009,,,,,,,,,,,,
29.32386272,39.323861,49.32386175,59.32385736,69.32385836,79.32385372,89.32385487,99.32385028,109.3238514,119.3238464,,,,,,,,,,,,
-60.46133619,-50.46134148,-40.46134753,-30.4613522,-20.46135982,-10.46136313,-0.461368102,9.538627518,19.53862371,29.53861464,,,,,,,,,,,,
-25.97661836,-35.97661954,-45.97662036,-55.97662196,-55.97662196,-65.97662361,-75.97662388,-85.97662415,-95.97662851,-105.9766264,-115.9766267,-125.976632,-135.9766299,,,,,,,,,
0.69548105,-9.304522726,-19.30452607,-29.3045307,-39.30453722,-49.30453933,-59.30454332,-69.30454796,-79.30455699,-89.30456033,-99.30456497,,,,,,,,,,,
-3.911662679,-13.9116614,-23.91165993,-93.91165356,-3.265086246,-13.26508574,-23.26508626,-33.26511338,-43.26511435,-53.26511307,-63.26511179,-73.2651126,-83.26510884,,,,,,,,,
38.36918233,48.36918231,58.36917835,68.36917711,78.36917625,88.36917511,98.36917477,108.3691737,118.3691725,,,,,,,,,,,,,
-16.32481686,-26.32481331,-36.32480927,-46.32480591,-56.32480322,-66.32479849,-76.32479248,-86.32478979,-96.32478703,-106.3247824,-116.3247776,,,,,,,,,,,
14.33386527,24.33386592,34.33386678,44.33386924,54.33387185,64.33387085,74.33387334,84.33387606,94.33387879,,,,,,,,,,,,,
-28.16792438,-18.16792363,-8.167924336,1.832075481,11.8320764,21.83207637,31.83207594,41.83207441,51.83207575,61.83207616,71.83207597,,,,,,,,,,,
-24.10979239,-14.10979175,-4.109791447,5.890207084,15.89020883,25.89020913,35.89021033,45.89020698,55.89020695,65.89020847,75.89021,,,,,,,,,,,
-11.94040303,-1.920397948,8.099606335,18.11961053,28.13961649,38.15962319,48.17962543,58.19962796,68.21963755,,,,,,,,,,,,,
-21.34371238,-31.34371544,-41.34371627,-51.3437171,-61.34371831,-71.34372142,-81.3437207,-91.34372369,-101.3437224,-111.3437286,,,,,,,,,,,,
49.87440676,59.87440356,69.8743995,79.87439749,89.87439262,99.87439142,109.8743901,119.8743826,129.8743805,139.874379,,,,,,,,,,,,
-38.84269009,-48.84269261,-58.84269467,-68.84269814,-78.84269894,-88.84270226,-98.84270275,-108.8427061,-118.8427094,-128.8427134,-138.8427111,-148.8427144,-158.8427177,-168.842721,-178.8427194,,,,,,,
21.58037456,11.58037257,21.58037456,31.5803756,41.58037759,51.58037591,61.58038146,71.58037966,81.58038533,91.58038342,,,,,,,,,,,,
-38.78890636,-48.78890614,-48.78890614,-58.7888996,-68.78889931,-78.78889365,-88.78889262,-98.78889212,-108.7888856,-118.7888862,-128.7888811,,,,,,,,,,,
9.403588569,17.38358841,25.36358779,33.34358933,41.32358869,49.30358834,57.28358772,65.26358737,73.24358674,81.22359016,89.20358577,41.32358219,65.26358853,73.24363074,,,,,,,,
25.0339416,35.0339412,45.03394285,55.03394106,65.03393901,75.03394048,85.03394224,95.03394372,105.0339383,115.0339398,125.0339413,,,,,,,,,,,
35.68111036,45.28110803,54.88110628,64.48110409,74.08109624,83.68109515,93.28109376,102.8810905,112.4810794,122.0810791,131.6810827,,,,,,,,,,,
25.95156387,35.95156536,45.95157297,55.95157496,65.95157699,75.9515786,85.95158634,95.95158753,105.9515896,115.9515916,,,,,,,,,,,,
-15.45755354,-5.457553389,4.542448852,14.54245005,24.54245218,34.54245297,44.5424525,54.54245515,64.54245555,74.5424578,84.54245833,94.54245912,104.5423382,,,,,,,,,
45.77581253,-44.34011838,-54.34011379,-64.34011494,-74.34011829,-84.34011905,-94.34012545,-104.3401262,-114.3401293,-114.3401293,-124.3401358,-134.3401365,-144.3401349,-154.3401404,,,,,,,,
1.471595018,11.47159531,21.47159564,31.47159418,41.47159648,51.47159698,61.47159577,71.47159627,81.4715952,91.47159678,101.4715949,,,,,,,,,,,
0.990532559,-9.009467022,-10.27425337,-7.145745819,-17.14574959,-27.14575496,-37.1457611,-47.14576587,-57.14576886,-67.14577697,-77.14578234,-87.14578612,-97.14579267,-107.1457933,,,,,,,,
44.54549467,36.56549354,28.58549421,20.60549524,12.62549342,4.645494057,-3.334506984,-11.31450523,-19.2945058,-27.27450505,-35.2545038,,,,,,,,,,,
13.43862453,13.43862453,13.43862453,13.43863542,23.43863531,33.43863567,43.43863422,53.43863411,63.43863498,73.43863605,83.43863575,83.43862654,93.43864641,,,,,,,,,
-0.559562695,7.480439139,15.52043714,23.56043785,31.60043538,39.64043339,47.68043457,55.72043599,,,,,,,,,,,,,,
-8.124683473,1.875316966,11.8753171,21.87531678,31.87531749,41.87531597,51.87531897,61.87531745,71.87531805,81.87531694,91.87531994,,,,,,,,,,,
-0.040769361,7.93923109,15.91923084,23.89923131,31.87923129,39.85923134,47.83922981,55.81923016,63.79922931,,,,,,,,,,,,,
-18.36950496,-28.38950201,-38.40949764,-48.4294951,-58.44949165,-68.46948957,-78.48948476,-88.5094835,-98.52947968,,,,,,,,,,,,,
14.22222187,24.24222313,34.26222307,44.2822232,54.30222288,64.32222248,74.3422205,84.36221905,94.38222075,104.4022256,,,,,,,,,,,,
45.97173126,55.97172791,65.97172958,75.97172604,85.97172675,95.97172351,105.9717254,115.9717219,125.9717224,135.9717245,145.9717149,,,,,,,,,,,
-17.73163103,-27.73163176,-37.73163081,-47.73163308,-57.73163356,-67.73163197,-77.7316344,-87.73163471,-97.73163503,,,,,,,,,,,,,
11.74904389,21.74904402,31.74904362,41.74904404,51.74904348,61.74904303,71.74904357,81.74904289,91.7490452,101.749042,,,,,,,,,,,,
46.95362928,56.95362477,66.95362135,76.95362032,86.95361472,96.95361168,106.9536103,116.9536072,126.9536009,136.9536004,146.9535996,,,,,,,,,,,
32.97265358,42.97265393,52.97265284,62.97265422,72.97265559,82.97265306,92.97265731,102.9726524,112.9726508,122.9726547,132.9726527,,,,,,,,,,,
31.11724885,21.11724891,11.11724804,1.117248375,-8.882752344,-18.88275183,-28.8827503,-38.88275005,-48.88275196,-58.88275053,-68.88275351,,,,,,,,,,,
-10.50307938,-0.503078834,9.496919304,19.49692232,29.49692125,39.49692112,49.49692194,59.49691804,69.49691979,79.49691951,89.4969204,,,,,,,,,,,
2.541458837,-7.45854302,-17.45855023,-27.45855564,-37.45855988,-47.45856411,-57.45856835,-67.45857557,-77.45857799,-87.45858492,,,,,,,,,,,,
3.007524184,-6.992475549,-16.99247533,-26.99247561,-36.99247516,-46.99247598,-56.99247518,-66.9924771,-76.99247629,-86.99247309,,,,,,,,,,,,
-34.71000143,-44.71000477,-54.71000369,-64.71000067,-74.71000401,-84.71000171,-94.71000311,-104.710002,-114.7100007,-124.7100035,-134.7100064,,,,,,,,,,,
16.55081565,26.55080748,36.55080137,46.55079569,56.55078987,66.55078414,76.55077841,86.55077268,96.55076612,106.5507604,,,,,,,,,,,,
12.10495836,22.10496277,32.10496793,42.10497423,52.10498002,62.10498244,72.1049876,82.10499364,92.10499881,102.1049998,112.1050077,122.1050113,,,,,,,,,,
3.181026174,13.18102559,23.18102567,33.18102574,43.18102541,53.18102451,63.18102474,73.18102384,83.18102572,93.1810276,103.1810278,,,,,,,,,,,
11.29316102,21.29316412,31.29316692,41.29317244,51.29317312,61.29317677,71.29317952,81.29318406,91.29318681,,,,,,,,,,,,,
-5.327523712,4.672475516,14.67247709,24.67247574,34.67247435,44.67247597,54.67247464,64.67247619,74.67247431,,,,,,,,,,,,,
24.39092447,34.390927,35.99005107,45.99005163,65.99005318,75.99005211,85.99005457,95.9900503,105.9900523,115.9900551,25.99005228,,,,,,,,,,,
28.5188666,38.51886593,48.51886367,58.51886148,68.51886204,78.51885951,88.51886015,98.51885816,108.5188562,118.518808,,,,,,,,,,,,
3.437141673,11.43714371,19.43714174,35.43714223,43.43714318,59.43714474,67.43714213,75.43714167,83.43714096,91.43714145,99.43714498,107.4371445,115.437144,,,,,,,,,
41.34214748,51.34215081,61.34215196,71.34215613,81.34215596,91.3421641,101.3421639,111.3421668,121.3421719,131.3421747,,,,,,,,,,,,
-55.28357608,-49.28357727,-43.28357539,-37.28357679,-31.28357644,-25.28357591,-19.28357706,-13.28357638,-7.283576034,-1.283576453,4.716423495,10.71642384,16.71642262,22.71642103,28.71642488,,,,,,,
2.86791802,12.86792135,22.86792215,32.86792614,42.86787733,52.86787934,62.86788464,72.86788423,82.86788361,92.86788958,,,,,,,,,,,,
19.19134493,29.19134428,39.19134654,49.19134574,59.19134752,69.19134958,79.19134899,89.19134839,99.1913533,109.1913525,119.1913521,129.1913509,,,,,,,,,,
17.249546,27.24954393,37.24954259,47.24954062,57.24953845,67.24953616,77.24953563,87.24953279,97.24953348,107.249532,117.2495256,,,,,,,,,,,
36.46837677,26.46835944,16.468358,6.468357016,-3.531645329,-13.53164468,-23.53164736,-33.53164756,-43.53164981,,,,,,,,,,,,,
53.87198426,53.87194096,53.87200488,63.87200716,63.87200716,73.87200548,83.87200776,93.87200492,103.8720063,113.8720046,123.8720078,133.8719051,143.8719016,153.8719048,,,,,,,,
-0.042476835,9.957523521,19.95752388,29.95752426,39.95752179,49.9575212,59.95752156,69.95752236,79.95751991,89.95752027,99.95752062,,,,,,,,,,,
1.801121506,11.80112362,21.80112619,31.80112786,41.80113088,51.80113009,61.80113395,71.80113342,81.80113263,91.80113739,,,,,,,,,,,,
11.49919902,1.499201823,-8.500799134,-18.50079919,-28.50080014,-38.5007978,-48.5007998,-58.50079982,-68.50079933,-78.50080038,-88.50080002,,,,,,,,,,,
26.61204699,16.61204429,6.612043555,-3.387958918,-13.38795871,-23.38795827,-33.38796483,-43.38796439,-53.38796584,-63.3879654,-73.38796484,,,,,,,,,,,
30.05865074,40.05865145,50.05865161,60.05865248,70.05865225,80.05865312,90.05865398,100.0586548,,,,,,,,,,,,,,
30.455282,40.455284,50.455288,60.455288,70.45529,80.45529,90.4553,100.4553,110.4553,120.4553,,,,,,,,,,,,
13.37765206,23.37765024,33.3776481,43.37764365,53.37764105,63.37763907,73.37763771,83.37763111,93.37762665,,,,,,,,,,,,,
64.31675721,73.11676075,81.91675748,90.71676044,99.51676403,108.3167676,117.1167711,125.9167674,134.7167782,,,,,,,,,,,,,
-18.55418837,-10.57418869,-2.594189365,5.385810467,13.36581351,21.34581196,29.32581216,37.30581097,45.28581182,53.26581064,61.24581084,,,,,,,,,,,
11.44594966,1.445947423,-8.554049152,-18.55404972,-28.55404859,-38.55405039,-48.55405218,-58.55405014,-68.55405015,-78.55404811,-88.55404982,,,,,,,,,,,
-8.369737656,-0.389738619,7.590260199,15.57026163,23.5502604,31.5302614,39.51026188,47.49025894,55.47026256,63.45026196,71.43026137,,,,,,,,,,,
-3.231868266,6.768131905,16.76813283,26.76813283,36.7681327,46.76813243,56.76813155,66.76813216,,,,,,,,,,,,,,
-11.70968368,-1.709682762,8.290318339,18.29031789,28.29031834,38.29031938,48.29031968,58.29031847,68.29031936,78.29031937,88.29031969,,,,,,,,,,,
50.34801371,60.36801498,70.38801005,80.40801101,90.42800628,100.4480068,110.4680025,120.4880032,130.5079983,140.5279993,150.5480007,,,,,,,,,,,
-2.987920131,7.012080737,17.01208308,27.0120839,37.01208657,47.01208859,57.01209031,67.01208689,77.01208999,,,,,,,,,,,,,
-11.419322,-21.419323,-31.419321,-41.41932,-51.41932,-61.419315,-71.41932,-81.41931,-91.41931,,,,,,,,,,,,,
26.30060143,36.30060275,46.30059734,56.30059742,66.3005973,76.30059737,86.30059725,96.30059278,106.3005972,,,,,,,,,,,,,
-5.590274928,-15.59027236,-25.59027504,-35.59027372,-45.59027341,-55.59027546,-65.59027604,-75.59027188,-85.59027425,,,,,,,,,,,,,
-14.68669603,-4.686696311,5.313303522,15.31330282,25.31330175,35.31330105,45.31330338,55.31329986,65.31330198,75.31330259,,,,,,,,,,,,
-6.660177173,-16.6601828,-26.66018682,-36.6601919,-46.66019546,-56.66020082,-66.66020473,-76.66020886,-86.66021621,-96.66022204,,,,,,,,,,,,
-3.533032661,6.466970835,16.46697401,26.46697751,36.466981,46.46698177,56.46698253,66.46698786,76.46699002,86.46699037,96.46699774,106.4669978,,,,,,,,,,
-17.64080611,-36.70182633,-46.70182788,-56.70183032,-66.70183238,-76.70183282,-86.70183689,-96.70183976,-106.7018376,-116.7018401,-126.7018433,,,,,,,,,,,
4.210268969,14.21027005,24.21027026,34.21027043,44.21026983,54.2102682,64.2102697,74.21027145,84.21026849,94.21026909,104.2102697,,,,,,,,,,,
-15.3871814,-25.38718086,-35.38718014,-45.38718061,-55.38717927,-65.38717438,-75.38717291,-85.38717143,-95.38716758,-115.3871636,,,,,,,,,,,,
-5.864282349,4.135713283,14.13570879,24.13570699,34.13570482,44.13569812,54.13569633,64.13569352,74.13568823,,,,,,,,,,,,,
-14.95898506,-24.97898512,-34.99898558,-45.01898913,-55.03898792,-65.05899132,-75.07899027,-85.09899318,-95.1189923,-105.1389958,,,,,,,,,,,,
33.22128542,43.2212844,53.22128529,63.22128617,73.22128706,83.22128504,93.22128857,103.2212869,113.2212901,123.2212887,,,,,,,,,,,,
38.23349103,48.2334913,58.23349211,68.2334921,78.23349196,88.23349175,98.23349181,108.2334939,118.2334879,128.2334885,138.233488,38.23349103,48.2334913,58.23349211,68.2334921,78.23349196,88.23349175,98.23349181,108.2334939,118.2334879,128.2334885,
0.820141137,-9.179858719,-19.17986121,-29.17986072,-39.17986218,-49.17986168,-59.17986437,-69.17986388,-79.17986338,,,,,,,,,,,,,
10.35794706,0.357941768,-9.642059617,-19.64206416,-29.64206725,-39.64207158,-49.64207612,-59.64208066,-69.64208295,-79.64208792,-89.64208722,,,,,,,,,,,
-8.704272851,-18.70427076,-28.70427175,-38.70427136,-48.70426936,-58.70426887,-68.70426899,-78.70426895,-88.70426925,,,,,,,,,,,,,
44.9072001,54.90719411,64.90718815,74.90718801,84.90718145,94.90717587,104.9071693,114.9071628,124.9071628,,,,,,,,,,,,,
19.75294703,29.7529437,39.75294503,49.75294199,59.75293895,69.75294145,79.75293841,89.75293566,99.75293787,109.7529345,119.7529312,129.752929,89.75293566,,,,,,,,,
19.71196,9.711959,-0.2880409,-10.28804,-30.288042,-40.28804,-50.28804,-60.28804,-70.28804,-80.28804,-20.28804,,,,,,,,,,,
26.59659355,36.59658845,46.59658086,56.59657915,66.59657067,76.59656376,86.59656197,96.5965532,106.5965471,116.5965454,,,,,,,,,,,,
35.79608436,25.7960849,15.79608307,5.796081682,-4.203920152,-14.2039208,-24.20392145,-34.20392631,-44.20392503,-54.20392783,,,,,,,,,,,,
-10.1238678,-2.123868842,5.876131606,13.87613205,21.87612858,29.87612903,37.87612918,45.87612933,53.87612615,61.87612963,,,,,,,,,,,,
-7.501498597,2.498501817,12.49850194,22.49850344,32.49850597,42.49850659,52.4985087,62.49850939,72.49851361,82.49851373,,,,,,,,,,,,
35.27588812,45.27588855,55.27588835,65.27588898,75.27588607,85.27588399,95.27588643,105.2758848,115.2758818,125.2758839,135.2758819,,,,,,,,,,,
-39.16106268,-29.161059,-19.1610583,-9.161053311,0.838949079,10.83895295,20.83895365,30.83895864,40.83896278,50.83896257,,,,,,,,,,,,
26.80082753,36.80082575,46.80082278,56.80081853,66.80081682,76.80080972,86.80080802,96.80080632,106.8008021,116.8008035,,,,,,,,,,,,
-28.97647983,-18.97647364,-8.976467437,1.023537859,11.02354598,21.02355128,31.02355924,41.02356316,51.02356579,61.02357556,,,,,,,,,,,,
34.30808853,44.30808914,54.3080896,64.30808811,74.30808993,84.30808843,94.30809115,104.3080872,114.3080882,124.3080906,134.3080849,144.3080876,154.3080885,,,,,,,,,
-0.87299371,9.127007902,19.1270073,29.12700819,39.12700726,49.12700785,59.12700753,69.12700605,79.12700941,89.12700724,99.12700507,109.1270098,119.1270092,,,,,,,,,
48.49240232,38.49239638,28.49239248,18.49238638,8.492382678,-1.507624065,-11.50762842,-21.50763387,-31.50764136,-41.50764465,,,,,,,,,,,,
21.08085211,11.08085382,1.080855366,-8.919141741,-18.91913924,-28.91913667,-38.9191337,-48.91913167,-58.9191287,-68.91912574,,,,,,,,,,,,
6.760565802,-3.239433576,-13.23943347,-23.23943117,-33.23943107,-43.23942935,-53.23942792,-63.23942834,-73.23942684,,,,,,,,,,,,,
19.520353,29.520355,39.520355,49.52036,59.520363,69.52036,79.52036,89.52036,99.52037,109.52037,,,,,,,,,,,,
46.85422276,56.85422519,66.85422782,76.85423084,86.85422901,96.85423494,106.854235,116.854241,126.8542403,126.8541989,126.8541989,136.8541967,11.82285103,,,,,,,,,
-16.83273732,-6.832733921,3.167269495,13.16727275,23.16727745,33.16727928,43.16728087,53.16728292,63.16729011,73.16729322,,,,,,,,,,,,
4.728135136,4.728161717,-5.271839604,-15.27184201,-25.2718431,-35.27184543,-45.27184536,-55.27184838,-65.27185271,-75.27185171,,,,,,,,,,,,
-22.95495863,-12.95495715,-2.954954335,7.045048477,17.04504766,27.0450516,37.04505339,47.04505482,57.04505923,,,,,,,,,,,,,
58.20961478,48.18961154,38.16960981,28.14960622,18.12960584,8.109601876,-1.910400347,-11.93040165,-21.95040341,-31.97040518,,,,,,,,,,,,
23.09922987,33.09922946,43.09923047,53.09922695,63.09922941,73.09923199,83.09922744,93.09922985,103.0992319,113.0992274,123.0992235,,,,,,,,,,,
32.96454841,32.96454841,42.96455105,52.96455362,62.96455655,72.96455939,82.96456063,92.96456301,102.9645654,112.9645687,122.9645701,,,,,,,,,,,
9.564967931,19.56496732,29.56496634,39.56496717,49.56496868,59.56496779,69.56496641,79.56496746,89.56496729,99.56496854,109.5649695,119.5649705,129.5649662,-0.435004969,,,,,,,,
-17.42008206,-7.420082218,2.57991787,12.57991808,22.5799162,32.57991786,52.57991987,62.57991848,72.57991716,82.57992001,42.57992949,,,,,,,,,,,
-4.226286465,5.773712874,15.77371286,25.77371284,35.77371357,45.77371402,55.77371446,65.77371472,75.77371195,85.77371561,95.77371284,105.7737163,115.7737135,-14.22628066,-24.22628125,,,,,,,
15.74115641,5.741157232,-4.258838736,-14.25883874,-24.25883717,-34.25883415,-44.25883067,-54.25883083,-64.25882829,-74.25882919,,,,,,,,,,,,
3.039727494,13.03972786,23.03972796,33.03972733,43.0397271,53.03972741,63.03972772,73.03972802,83.03972833,,,,,,,,,,,,,
30.62655896,40.62655804,50.62655791,60.62655393,70.62655703,80.62655969,90.62655615,100.6265591,110.6265553,120.6265581,130.6265548,60.62652722,90.62657389,60.62652722,,,,,,,,
-5.237684222,4.762315822,14.76231595,24.76231462,34.76231532,44.76231616,54.76231541,64.76231496,74.76231696,84.76231831,94.7623125,,,,,,,,,,,
0.972412087,10.97240867,20.97240494,30.97240023,40.97240015,50.97239341,60.97239332,70.97238594,80.97238611,90.97237862,,,,,,,,,,,,
-10.96732259,-20.96732346,-30.96732262,-40.96732216,-50.96732265,-60.96732486,-70.96732441,-80.96732396,-90.9673235,-100.9673231,-110.9673251,,,,,,,,,,,
-3.480481328,6.519518931,16.51951781,26.51951973,36.51951861,46.51951749,56.5195194,66.51951883,76.51951772,86.5195166,,,,,,,,,,,,
13.72876288,23.72876386,33.72876665,43.72876943,53.72877169,63.72877433,73.72877365,83.728818,93.72882442,103.7288233,,,,,,,,,,,,
-8.531626976,1.468374589,11.46837758,21.46838238,31.46838186,41.46838666,51.46839254,61.4683916,71.4683964,81.4683961,,,,,,,,,,,,
-4.693433561,5.306567424,15.30656661,25.30656558,35.30656656,45.30656904,55.30656584,65.30656832,75.30656603,85.30656804,95.30656484,105.3065669,115.3065652,,,,,,,,,
-1.620280364,-11.62028016,-21.62028047,-31.62028138,-51.62028006,-41.62023176,-51.62023107,-61.62023491,-71.62020535,-81.62020561,,,,,,,,,,,,
-0.910490925,-10.91048794,-20.91047919,-30.91047592,-40.91047257,-50.91046927,-60.91046084,-70.9104572,-80.91045487,,,,,,,,,,,,,
-16.47129472,-26.49129332,-36.51129136,-46.53128944,-56.55128788,-66.5712843,-76.59128435,-86.61128016,-96.63128245,,,,,,,,,,,,,
0.990025366,-9.009971904,-19.00996564,-29.00996318,-39.00995952,-49.00995364,-59.00994776,-69.00994513,-79.00994077,-89.00993874,,,,,,,,,,,,
40.55028487,50.55028379,60.55027893,70.55027718,80.5502754,90.55027272,100.55027,110.550267,120.5502668,130.5502616,140.5502611,,,,,,,,,,,
44.79516258,54.79515494,64.79514994,74.79514253,84.79513995,94.79513314,104.7951251,114.7951171,124.7951145,,,,,,,,,,,,,
-11.27986348,-21.27986329,-31.27986333,-41.27986286,-51.27986273,-61.27986368,-71.27986372,-81.27986288,-91.27986292,-101.2798643,-111.2798631,,,,,,,,,,,
0.353798276,-9.646203083,-19.64620462,-29.64620448,-39.64620655,-49.64620862,-59.64620927,-69.64621074,-79.64620782,,,,,,,,,,,,,
-34.65137886,-29.65137958,-24.65137857,-19.6513793,-14.65137877,-9.651379204,-4.651378768,0.348619775,5.348621518,,,,,,,,,,,,,
11.86029583,1.840293867,-8.179707634,-18.19970884,-28.21971263,-38.23971298,-48.25971563,-58.27971713,-68.29972104,,,,,,,,,,,,,
-16.84925763,-6.849255969,3.150746592,13.15074893,23.15075038,33.15075323,43.15075505,53.15075784,63.15076113,73.15076341,3.150710598,53.15073092,,,,,,,,,,
6.393046451,6.393047897,-3.606954183,-13.60695202,-23.60695437,-33.60695421,-43.60695417,-53.60695291,-63.60695374,-73.6069551,-83.60695206,,,,,,,,,,,
17.81519943,27.81520062,37.81520005,47.81519903,57.81519972,67.81519997,77.81519786,87.81520199,97.8151972,107.8151968,117.8151982,,,,,,,,,,,
-35.39139115,-45.41138622,-55.43138063,-65.45138106,-75.47137596,-85.49137087,-95.51136717,-105.5313616,-115.5513567,-125.5713504,,,,,,,,,,,,
11.95914942,1.959155091,-8.040841845,-18.04083671,-28.04083227,-38.0408289,-48.04082369,-58.04081801,-68.0408128,,,,,,,,,,,,,
-33.54328961,-43.54329329,-53.54329595,-63.54330119,-73.54330269,-83.54330722,-93.54331049,-103.5433152,-113.5433185,-123.5433193,-133.543329,,,,,,,,,,,
6.100064902,16.10006572,26.10006462,36.10006582,46.10006551,56.10006733,66.10006545,76.10006514,86.10006439,96.10006397,106.1000679,,,,,,,,,,,
19.68263573,9.682635653,-0.317365837,-10.3173639,-20.31736503,-30.31736309,-40.31736612,-50.31736275,-60.31736563,,,,,,,,,,,,,
39.27834995,31.29834854,23.31834655,15.33834917,7.358347513,-0.62165162,-8.60165199,-16.58166088,-24.56166266,-32.54166654,-40.52166949,-48.50167315,,,,,,,,,,
16.1800131,6.180014255,-3.819986239,-13.81998631,-23.81998598,-33.81998802,-43.819988,-53.81998529,-63.81998743,-73.81998864,,,,,,,,,,,,
6.964552996,-3.03544509,-13.03544548,-23.0354462,-33.03544687,-43.03544754,-53.03544627,-63.03544581,-73.03544534,-83.03544627,-93.03544571,,,,,,,,,,,
7.164931353,17.16492963,27.16492769,37.16491888,47.16491694,57.16491589,67.16490828,77.16490514,87.16489848,97.16490082,,,,,,,,,,,,
-0.455032834,-10.45503303,-20.4550328,-30.45503473,-40.45503666,-50.45503441,-60.45503649,-70.45503796,-80.45504066,-90.45503872,,,,,,,,,,,,
23.09922987,33.09922946,43.09923047,53.09922695,63.09922941,73.09923199,83.09922744,93.09922985,103.0992319,113.0992274,123.0992235,,,,,,,,,,,
-7.292942873,-17.29293471,-27.29293265,-37.29292582,-47.29291897,-57.29291213,-67.29290484,-77.29290026,-87.29289341,-97.29288598,,,,,,,,,,,,
21.22683066,30.82683018,31.22684268,41.22684278,61.2268424,71.22684235,81.2268426,91.22684255,101.2268427,111.2268451,51.22685838,,,,,,,,,,,
-29.61277816,-39.6127813,-49.61278436,-59.61278642,-69.6127908,-79.61279254,-89.61279778,-99.61279601,-109.6128013,-119.6128065,-129.61281,,,,,,,,,,,
5.688245226,-3.111756223,7.35555321,-1.44444865,-10.24444937,-19.04445252,-27.84445324,-36.64445679,-45.44445696,-54.24445895,-63.04446216,,,,,,,,,,,
11.87157666,1.871578183,-8.128421139,-18.12842046,-28.12841978,-38.12841958,-48.12842138,-58.12841823,-68.12841968,-78.12841718,-88.12841894,,,,,,,,,,,
30.32257543,40.32257477,50.32257411,60.32257406,70.32256792,80.32256714,90.32256704,100.3225606,110.3225535,,,,,,,,,,,,,
-28.70994461,-18.70994479,-8.709946403,1.290053963,11.29005469,21.29005578,31.29005542,41.29005505,51.29005375,61.29005338,71.29005594,,,,,,,,,,,
8.461358063,18.46135761,28.46135853,38.46135709,48.46135585,58.46135619,68.46135494,78.46135469,88.4613562,,,,,,,,,,,,,
-35.11442895,-26.31442756,-17.5144299,-8.714429203,0.08556984,8.885571103,17.68557015,26.48556808,35.28556931,,,,,,,,,,,,,
36.77669527,31.77669688,26.77669572,21.7766972,16.77669587,11.77669756,6.776696099,1.776694959,-3.223303308,,,,,,,,,,,,,
24.81327118,14.81327122,4.813271022,-5.186729174,-15.18672893,-25.18672988,-35.18672954,-45.18672955,-55.18672858,-65.18672861,-75.18673124,,,,,,,,,,,
-15.97307918,-25.97307933,-35.97307843,-45.97307422,-55.97307365,-65.97307275,-75.9730688,-85.97307245,-5.973084488,,,,,,,,,,,,,
30.47517151,40.47517207,50.4751722,60.47517077,70.47517202,80.47517136,90.47517172,100.475174,110.4751731,120.4751705,130.4751696,,,,,,,,,,,
32.0273967,42.02739049,52.02739074,62.02738445,72.02738479,82.02737833,92.02737866,102.0273725,112.0273729,122.0273668,,,,,,,,,,,,
27.43943419,37.4394361,47.43943312,57.43943503,67.43943192,77.43943378,87.43943649,97.4394552,107.4394573,117.4394598,127.4394521,137.4394522,,,,,,,,,,
-20.60413634,-10.60414095,-0.604141398,9.395856628,19.39585302,29.39585204,39.39584962,49.39584242,59.3958424,69.39584035,,,,,,,,,,,,
66.51111844,76.5111235,86.51112624,96.51113151,106.5111366,116.5111389,126.5111395,136.5111439,146.5111496,156.5111503,166.511156,,,,,,,,,,,
-5.989781278,-15.98978515,-25.98978462,-35.98978835,-45.98979013,-55.98978943,-65.98979293,-75.98979441,-85.98979753,,,,,,,,,,,,,
17.65106924,27.65106885,37.65106878,47.65106974,57.6510681,67.65106836,77.65106862,87.65106922,97.65106995,107.6510673,,,,,,,,,,,,
-12.73212932,-2.73212869,7.267873066,17.26787436,27.26787523,37.26787558,47.26787763,57.26787499,67.26787794,,,,,,,,,,,,,
-6.99302469,-0.993024761,5.006975465,11.00697596,17.00697475,23.00697669,29.00697731,35.00697615,41.00697653,47.00697562,53.006976,59.00697549,65.00697595,,,,,,,,,
29.25400289,19.2540005,9.253999672,-0.746002723,-10.74600286,-20.74600588,-30.74600568,-40.74600826,-50.74601059,-60.74601147,,,,,,,,,,,,
5.450223935,15.4502229,25.45022402,35.45022285,45.45022344,55.45022403,65.45022515,75.4502217,85.45022633,95.45022341,105.4502213,,,,,,,,,,,
-48.45937987,-58.45937857,-68.45937794,-78.45937916,-88.45938038,-98.45937655,-108.4593778,-118.4593739,-128.4593752,-138.4593791,-148.4593753,,,,,,,,,,,
62.82230285,72.8223021,82.82230636,92.82231147,102.8223111,112.8223135,122.8223202,132.8223189,142.8223233,152.8223278,162.8223323,172.8223371,,,,,,,,,,
27.10563458,37.10563354,47.10563249,57.10562926,67.1056279,77.10562778,87.10562642,97.1056238,107.1056187,117.1056211,,,,,,,,,,,,
-9.375085126,-19.37508703,-29.37509103,-39.37509444,-49.37509619,-59.37509765,-69.37510375,-79.37510565,-89.37510847,-99.37511037,-109.3751165,,,,,,,,,,,
17.50943435,9.509435756,1.509435951,-6.490563855,-14.49056426,-22.49056468,-30.49056509,-38.49056394,-46.49056553,-54.49056402,-62.49056323,-70.49056483,-78.49056442,-86.49056602,-94.49056485,,,,,,,
6.123321,16.123322,26.12332,36.12332,46.12332,56.12332,66.12332,76.12332,,,,,,,,,,,,,,
76.53530974,86.55523949,96.5752404,106.5952358,116.6152392,126.6352321,136.6552354,146.6752286,156.695232,176.7352279,166.7150838,176.7350872,76.53524131,96.575258,90.57525678,84.57526068,84.57524772,84.57524772,78.57524653,72.57527,66.57527383,60.57527287
22.47880016,32.47879931,42.47879973,52.47880004,62.47879877,72.47879872,82.47879867,21.38532581,31.38532484,41.38532471,51.38532419,61.38532353,71.38532601,81.38532473,91.38532395,101.3853246,111.3853229,121.3853221,,,,
-16.42906864,-26.42907175,-36.42907844,-46.42908513,-56.42908709,-66.42909551,-76.4291019,-86.42910844,-96.42911024,-106.4291169,,,,,,,,,,,,
-10.17600191,-0.176003634,9.823996535,19.82399498,29.82399695,39.82399427,49.82399358,59.82399659,69.82399392,79.82399103,,,,,,,,,,,,
-15.867769,-25.867771,-35.86777,-45.867775,-55.86778,-65.86778,-75.86778,-85.86778,-95.86778,-105.86779,,,,,,,,,,,,
26.18408704,36.18408748,46.18408759,56.18408662,66.18408673,76.18408556,86.18408695,96.18408623,106.1840876,116.1840843,126.1840855,,,,,,,,,,,
-29.45418398,-39.45418333,-49.45418472,-59.45418366,-69.45418431,-79.45418476,-89.45418424,-89.45417816,-99.45417884,-109.4541765,-119.4541764,-129.4541776,,,,,,,,,,
-3.28461073,6.715383445,16.71538026,26.7153746,36.71536836,46.71536539,56.71535974,66.71535409,76.71534843,86.71534278,,,,,,,,,,,,
18.46632414,8.466323416,-1.533676088,-11.53367695,-21.53367573,-31.53367659,-41.53367766,-51.53367636,-61.53367959,-71.53367829,-81.53367674,-91.53367753,-101.5336783,,,,,,,,,
15.84813034,25.84812477,35.84812338,45.84811909,55.84812061,65.84811632,75.84811309,85.84811462,95.84811139,,,,,,,,,,,,,
7.560016587,17.56001592,27.56001611,37.56001577,47.56001635,57.56001588,67.56001495,77.56001635,87.56001554,97.56001473,107.560019,,,,,,,,,,,
10.20333509,20.20334541,30.20334656,40.20334411,50.20334526,60.20334642,70.20334416,80.20334499,90.20334589,,,,,,,,,,,,,
6.312286622,-3.687713758,-13.6877142,-23.68771399,-33.68771379,-43.68771359,-53.68771403,-63.68771383,-73.68771421,-83.68771459,,,,,,,,,,,,
23.10898424,33.1089841,43.10898367,53.10898339,63.10898662,73.10898371,83.10898581,93.10898493,103.1089819,113.1089839,123.1089832,,,,,,,,,,,
16.97129628,6.971297311,-3.028697645,-13.02869379,-23.02869085,-33.02868876,-43.02868552,-53.02868046,-63.02867722,-73.02867634,-83.02866862,-93.02866804,,,,,,,,,,
-17.42725878,-17.42725878,-7.427258192,2.57274267,12.57274394,22.57274434,32.57274425,42.57274666,52.57274638,62.57274624,72.57274841,,,,,,,,,,,
2.020670807,-7.97932549,-17.97931923,-27.97931531,-37.9793114,-47.97930715,-57.97930149,-67.97929655,-77.97929464,-87.97929107,2.020670807,,,,,,,,,,,
-32.33430407,-42.3343061,-52.33430767,-62.33430826,-72.33431149,-82.33431348,-92.33431431,-102.3343183,-112.3343175,-122.3343195,-132.3343267,,,,,,,,,,,
19.9061549,29.90616186,39.90616925,49.90617152,59.90617558,69.90618454,79.90618771,89.90619173,99.90619449,109.9062043,,,,,,,,,,,,
-10.75079798,-0.750794135,9.249209592,19.24921308,29.24921652,39.2492174,49.24922063,59.24922371,69.24922781,79.24923176,,,,,,,,,,,,
-32.0411303,-24.06112961,-16.08113077,-8.101130611,-0.121131178,7.858870896,15.83886908,23.81886851,31.7988686,39.77887075,47.75887084,-40.02112649,17.55382731,17.55382731,,,,,,,,
14.3855489,4.385548467,-5.614452614,-15.6144511,-25.61445348,-35.61445277,-45.61445213,-55.6144542,-65.61445262,-75.61445514,-85.61445615,,,,,,,,,,,
22.8163251,32.8163222,42.81632322,52.8163168,62.81631782,72.81631822,82.8163119,92.81631287,102.8163136,112.8163072,,,,,,,,,,,,
35.72888623,45.72888685,55.72888834,65.72888896,75.72888838,85.72889021,95.72888876,105.7288873,115.72889,125.7288903,135.7288852,95.72889368,,,,,,,,,,
-19.08051276,-9.080511836,0.919487575,10.91948857,20.91948789,30.91948722,40.91948809,50.9194874,60.91948619,,,,,,,,,,,,,
-4.395015727,5.604984198,15.60498505,25.60498495,35.60498481,55.60498517,65.60498323,75.60498374,45.60497108,,,,,,,,,,,,,
1.034534512,11.03453499,21.0345347,31.0345352,41.03453461,51.03453414,61.03453523,71.03453324,81.03453406,91.03453567,101.0345371,-8.965427979,,,,,,,,,,
-7.987511016,-17.9875088,-27.98750831,-37.98750826,-47.98750838,-57.98750907,-67.98750442,-77.98750546,-87.98750484,-97.98750449,-107.9875053,,,,,,,,,,,
-26.42940587,-18.44940765,-10.46940664,-2.489407993,5.490593524,13.47059243,21.45059284,29.43059281,37.41059277,45.39059001,53.37059398,,,,,,,,,,,
42.65984738,42.65984738,52.65984622,62.65984196,72.65983754,82.65983312,92.65982975,102.6598253,112.6598209,122.6598165,,,,,,,,,,,,
31.71743202,41.71743172,51.71742679,61.71742058,71.71742098,81.71741536,91.71740944,101.7174102,111.7174046,121.717399,,,,,,,,,,,,
8.069023,18.069021,28.069021,38.069023,48.06902,68.06902,78.069016,88.06902,98.06902,58.06905,,,,,,,,,,,,
-7.448782682,2.551214201,12.55120839,22.55120527,32.55120303,42.55119633,52.55119649,62.55119097,72.5511859,82.5511854,92.55118008,,,,,,,,,,,
15.19547218,5.195469187,-4.804531102,-14.80453158,-24.80453413,-34.80453523,-44.80453603,-54.8045367,-64.80454052,-74.8045433,,,,,,,,,,,,
-8.158748938,1.841249896,11.84124953,21.84125043,31.8412491,41.84125158,51.84125122,61.84125146,71.84125109,81.84125327,91.84125219,,,,,,,,,,,
17.17969807,26.17969668,35.1796979,44.17969879,53.17970006,62.17969559,71.17969662,80.17969764,89.17969945,98.17969411,,,,,,,,,,,,
-33.94358982,-23.94358837,-13.943588,-3.943590112,6.056411338,16.05641028,26.05641118,36.05640802,46.05641295,56.05641189,66.05641181,,,,,,,,,,,
9.393041254,19.39304017,29.39303426,39.39303318,49.3930305,59.39302942,69.39302674,79.39302566,89.39302378,99.39301482,109.3930132,,,,,,,,,,,
12.31795978,22.31795644,32.31795754,42.31795402,52.31795116,62.3179517,72.31795224,82.31795287,92.31794643,,,,,,,,,,,,,
9.510347183,3.510345176,-2.489654169,-8.489653141,-14.48965581,-20.4896542,-26.4896526,-32.48965408,-38.48965251,-44.48965511,-50.48965469,,,,,,,,,,,
-38.3791307,-48.37913083,-58.37913196,-68.37913259,-78.37913475,-88.37913717,-98.37913793,-108.3791428,-118.3791383,,,,,,,,,,,,,
-13.99037221,-23.9903713,-33.99037106,-43.99037277,-53.99037334,-63.99037391,-73.99037235,-83.99037244,-93.99037186,-103.9903733,-113.990372,-123.9903714,,,,,,,,,,
11.25912538,1.259124319,-8.740876597,-18.74087698,-28.74088071,-38.74088129,-48.74088216,-58.74088254,-68.74088292,,,,,,,,,,,,,
3.508741413,13.5087412,23.50873931,33.5087401,43.50873846,53.50873869,63.5087379,73.50873888,83.5087359,,,,,,,,,,,,,
20.39719759,30.39719926,40.39719992,50.39720305,60.39720371,70.39720684,80.39720908,90.39721312,100.3972081,110.3972144,,,,,,,,,,,,
23.70276289,33.702767,43.70276914,53.70277448,63.70277663,73.70278307,83.70278878,93.70278792,103.7027933,113.7027989,,,,,,,,,,,,
20.73394304,10.73394453,0.733945795,-9.266054993,-19.26605255,-29.26605214,-39.26605191,-49.26604962,-59.26605157,-69.26604662,-79.26604843,,,,,,,,,,,
-23.5905643,-23.5905643,-33.59056395,-43.59056377,-53.59056251,-63.59056515,-73.5905646,-83.5905648,-93.59056668,-103.5905637,-113.5905635,-123.5905633,-133.5905631,,,,,,,,,
14.94120727,24.94120545,34.94120718,44.94120651,54.94120469,64.94120735,74.94120664,84.9412091,94.94120636,104.9412056,114.9412101,,,,,,,,,,,
-15.4573436,-5.45734291,4.542655982,14.54265729,24.54265715,34.54265684,44.54265844,54.5426574,64.54265639,74.54265914,84.54265957,94.54270251,,,,,,,,,,
-0.183844115,-20.18384464,-30.1838462,-30.1838462,-40.18384777,-40.18384777,-50.18384959,-60.18385037,-60.18385037,-70.18384776,-80.18384879,-90.18385087,-100.183853,-110.183855,,,,,,,,
17.26151217,27.26150904,37.26150776,47.26150179,57.26149698,67.2614969,77.26149151,87.26149143,97.26148837,107.2614831,,,,,,,,,,,,
75.27013214,85.27013749,95.27013783,105.2701461,115.2701511,125.2701568,135.2701593,145.2701625,155.2701658,165.2701732,175.2701758,,,,,,,,,,,
25.2726327,35.27263529,45.2726377,55.27263806,65.27264326,75.27264362,85.27264424,95.27264891,105.2726486,115.2726553,,,,,,,,,,,,
9.193546333,19.21354741,29.23354691,39.25354939,49.27354881,59.29355169,69.31355171,79.33355683,89.35355667,99.37355633,,,,,,,,,,,,
8.764000888,18.76400109,28.7640016,38.76400079,38.76400079,48.76400138,48.76400138,58.76400119,68.76400101,78.76399957,78.76399957,88.76400063,98.76399919,,,,,,,,,
-20.77750416,-30.77750374,-40.77750496,-50.77750484,-60.77750381,-70.77750278,-80.7775019,-90.77750733,-100.7775065,-110.7775056,-120.7775035,-130.7775038,-140.7775017,,,,,,,,,
24.02149428,34.02149226,44.02149321,54.02149294,64.02149051,74.02149445,84.02149397,94.02149192,104.0214957,114.0214937,,,,,,,,,,,,
26.26144509,36.2614419,46.26143856,56.26143844,66.26143741,76.26143218,86.26143255,96.26143097,106.2614305,,,,,,,,,,,,,
-14.68772403,-4.687727349,5.312270873,15.31227151,25.31226828,35.31226641,45.3122657,55.31226334,65.31225985,,,,,,,,,,,,,
38.53851973,28.51851932,18.49851748,8.478518221,-1.541484196,-11.56148561,-21.58148702,-31.60148614,-41.62148704,-51.6414887,-61.66149011,,,,,,,,,,,
-3.126578703,6.873419908,16.87342031,26.8734218,36.87342047,46.87341833,56.87342232,66.87342023,76.8734189,86.87341596,96.87341944,106.8734187,,,,,,,,,,
-7.802000029,5.948003497,19.69800502,-7.801985743,2.198015261,12.19801827,22.19802138,32.19802425,42.19802166,52.19802788,62.19803155,72.19803052,,,,,,,,,,
